PatientID,arm,histamine_start,histamine_end,qol_start,qol_end
txdjezeo,I,58.56,66.96000000000001,3,3
htxfjlxk,III,36.07,27.950000000000003,3,4
vkdqhyez,I,57.66,57.269999999999996,2,2
dbuvrwfq,III,56.63,57.39,2,3
ydaitaah,II,NA,67.93,5,7
omhxokdr,I,37.37,41.709999999999994,2,2
dsybafny,I,88.4,95.87,4,6
fdfmcoto,II,20.25,18.9,2,2
rwsbykxe,II,48.34,43.02,3,3
xocueqqe,III,48.59,55.17,1,1
uhuwyvnr,III,55.48,49.339999999999996,1,1
nsqatnmd,I,45.53,53.730000000000004,3,2
bkitfhjq,III,27.23,23.71,4,5
fhifghpg,I,42.39,41.97,4,3
dwssvrtf,I,39.73,36.65,2,2
xvrafddy,II,81.3,79.91,2,1
qosueuyw,II,60.65,NA,4,3
qmqztdiu,II,57.56,53.830000000000005,4,5
bcqrjeam,III,67.09,66.47,3,3
vlpialkc,I,24.62,37.11,4,3
mkefeexb,III,67,69.36,3,4
varvvvec,I,36.68,41.93,3,3
fsrshsrb,I,77.83,82.63,2,1
diqfqges,I,63.98,66.84,3,2
wqqpdzxg,III,73.55,63.79,3,3
utwhzoyp,III,NA,51.839999999999996,6,5
mzxuzojj,II,16.59,18.07,2,2
lhcmthnt,I,43.54,42.12,2,2
jwbgjjhk,II,999,57.010000000000005,2,2
nisnyyvo,I,60.43,56.76,4,5
lcrtmerg,II,78.38,82.06,3,0
ewqzyyxk,II,15.57,20.45,4,3
rimcalep,III,NA,57.730000000000004,4,4
yjondgsh,II,57.74,56.64,2,1
jhuztppp,III,63.92,62.86,2,2
xakkgbek,II,35.6,33.17,2,2
pkyivajv,II,43.67,NA,2,2
unfsvjzj,II,50.76,59.199999999999996,4,4
odcmucvy,III,40.19,40.41,2,3
qtzyuicf,III,33.51,30.49,4,4
onvoamag,I,11.01,14.64,2,3
fjjrnsnt,III,98.77,98.63,4,5
dfiwoaax,II,43.32,43.28,3,3
zggllicf,I,40.13,45.400000000000006,2,2
ipkamkjf,II,53.78,61.79,3,1
arinkxww,II,75.8,80.56,2,2
dfpfmqyr,II,11.02,9.61,4,4
qmbhejun,I,43.52,41.940000000000005,5,5
dvwrazdc,III,39.94,30.32,5,5
sijeqpeg,II,55.83,56.41,3,4
qeuwxjcj,III,65.63,64.17999999999999,4,5
zhqemeuh,III,52.04,51.91,3,3
yhbzbomv,II,17.35,21.740000000000002,4,4
cgzaxsfv,III,83.03,79.79,4,4
csnqskod,I,42.65,NA,2,1
kluftpij,I,64.33,73.37,2,0
dkgskgkf,III,77.93,83.43,2,2
uxyswzeq,I,39.43,40.37,1,0
ygazqssv,II,62.88,56.300000000000004,3,3
ywkjlxjp,II,34.24,29.200000000000003,4,4
hrbbjhoj,II,62.73,64.67999999999999,1,2
jptuloeh,I,64.79,62.900000000000006,2,1
hyewelhd,III,54.72,60.42,2,3
lpwwsqrw,II,45.35,49,2,2
xmzgxhov,I,42.42,44.15,4,4
pikxyncg,I,66.41,62.66,3,4
mrppvkfx,III,47.57,49.13,2,2
hhzaqicx,I,67.97,66.92,5,7
vwcnhgiy,III,34.53,40.02,4,3
svbshgzw,II,45.25,54.54,4,5
ixxziyxr,III,54.09,NA,3,1
fzrhdpdu,I,53.42,66.5,3,2
vnkozqii,I,71.07,72.16,3,2
ozrqwuvc,I,65.75,66.38,2,0
cszrjxju,I,72.5,79.18,4,6
hbrxmsrj,II,39.03,44.42,3,3
nqckrpvi,III,53.52,55.830000000000005,5,4
shmcdgrs,II,10.23,10.22,1,-1
bhhykjvw,II,57.52,60.830000000000005,2,2
fachnjcz,III,21.54,28.33,4,5
mepymtae,II,57.84,55.88,3,3
vpsfprkv,III,49.89,62.17,2,2
nxgekngj,III,NA,28.72,4,6
vqkhjsyu,III,51.49,58.22,3,3
pyjezasb,I,61.28,61.75,3,2
jhnwdund,III,38.1,39.99,2,3
oerlptan,II,33.67,33.74,4,4
gnuswbay,II,37.14,40.22,4,5
ezchkrng,I,14.06,14.38,2,2
rhvhliax,III,62.15,71.42,3,3
kzoxsgam,I,61.19,58.28,2,1
bpavtvrx,II,61.01,60.21,4,4
nvbtiqsy,III,66.08,69.46,2,2
cnubstcy,III,42.22,47.55,3,3
utphjjjd,I,38.9,42.519999999999996,2,3
nzkpxwlh,III,46.89,44.02,3,5
cmfzafxd,III,45.1,NA,4,3
pyqmgdlu,II,46.39,52.56,2,1
pizmrtxl,I,75.31,79.14,3,2
zumkcjuq,I,28.17,30.470000000000002,3,3
vyegplgg,II,50.46,59.4,4,3
sfnvxyvo,II,48.82,42.03,1,2
ocgwtmpa,II,75.05,76.57,2,1
dpvjiugv,I,35.01,44.56,2,1
yjhjhbxd,III,34.99,36.5,4,4
cgsaorhk,I,68.41,68.34,2,2
codpyfkj,II,31.28,33.050000000000004,3,5
jaghjlhq,I,45.31,50.550000000000004,4,5
mbmqrcdx,III,34.53,40.42,3,4
tcqkuqgr,I,31.37,35.53,3,3
tcdswgri,III,56.35,57.300000000000004,4,4
jysxeqzd,II,46.36,45.72,3,3
vomeceas,III,-99,49.769999999999996,3,4
yiycptht,III,47.86,44.54,2,2
ejbwyyyx,II,40.78,45.05,2,3
mjhjvfmt,I,51.7,57.800000000000004,3,3
tbtkywlc,II,46.05,46.08,4,5
cjzcucwz,I,21.63,16.82,3,3
ijlgdlsl,I,34.71,34.39,3,2
ngwrpydu,I,31.51,40.54,4,4
zutdgplc,III,54.04,61.129999999999995,3,1
ytzgausd,II,888,91.19,2,2
tzoddqgm,III,NA,57.74,3,3
upucgsaq,I,46.78,44.4,4,4
vodbhwvb,III,59.98,53.58,4,4
bhmqnuoj,II,41.8,37.22,2,3
vggxpbst,I,41.63,46.32,2,1
rwvzxhlw,III,74.61,81.94,2,2
wgrwxkwn,II,42.96,40.19,4,3
ktgkjxkb,III,47.58,53.53,3,2
uqbexhya,II,50.54,42.85,4,5
pqujizsk,I,59.18,65.97,1,1
wwiotufw,III,54.6,49.5,2,3
ixqeltgz,II,61.63,54.56,3,3
ndauikbj,I,39.75,37.1,4,4
wrjwgufy,I,36.52,37.370000000000005,6,6
tztpmjjf,II,34.61,32.8,2,4
ofuhtjch,III,40.49,46.31,2,2
wsxtemkm,I,93.81,102.09,3,2
nldzomkg,I,38.46,44.34,4,4
uhvgttqh,III,37.88,39.82,2,1
jmgdaqbd,I,63.38,61.160000000000004,2,1
gpobaefc,III,31.74,35.22,4,2
lgqguyrt,III,77.54,85.05000000000001,5,3
ymbazbcd,II,69.21,68.97999999999999,5,5
cxvfpbmu,III,49.73,58.51,2,0
ixkvidqr,I,43.41,54.31999999999999,3,2
yqlojcza,III,41.99,54.660000000000004,2,1
ayvtoodn,II,57.66,56.949999999999996,3,5
mkirwciy,II,40.11,45.4,2,2
twlkpvui,I,NA,31.19,3,4
bbzovptu,III,77.79,82.15,3,4
wklgjlxm,II,36.14,34.15,3,5
rzcfvafn,III,47.85,55.99,2,1
tabuqltm,I,51.67,53.95,3,2
firshknz,III,36.68,45.4,3,3
drwzhdnv,III,71.1,79.69,4,3
iwuvpmuw,III,45.5,48.46,3,2
eywrozmv,II,54.25,53.19,5,4
arpvtvxl,III,8.63,12.760000000000002,2,1
ssdiktzx,I,41.07,31.92,3,2
ebekbdlr,III,30.76,28.700000000000003,1,1
txtwqveu,I,45.84,45.150000000000006,4,5
skhjxrfv,III,60.23,64.61999999999999,2,0
prmharop,II,71.41,67.89,2,0
mzmrpyjw,III,41.84,51.63,1,0
zpsjzjki,II,39.38,40.49,4,4
qejexgza,III,64.37,60.74,3,3
knnzlzun,II,20.12,16.05,3,2
lornotkv,II,58.72,61.839999999999996,3,2
qdwhowqk,II,94.63,91.86999999999999,3,3
jeezvykw,I,26.32,36.17,5,6
qoeqasac,II,47.59,58.63,3,1
ockvcdji,I,38.96,43.94,2,4
geaqqvzc,I,30.88,25.229999999999997,4,2
yeddqrrf,III,70.71,73.88,3,4
hukkibqp,III,18.66,13.8,3,5
uisiwkox,I,54.04,55.199999999999996,5,5
ocwmhmbw,II,42.7,47.800000000000004,3,3
ajshuufj,III,13.96,14.590000000000002,4,4
zwunexub,I,56.01,57.94,3,2
jxnhgpjs,III,38.09,38.35,4,5
lmlqpuot,I,44.65,47.68,3,3
qxktdeop,I,51.47,54.879999999999995,4,4
apeddxgo,I,36.63,36.32,2,2
tilkidxd,II,58.64,53.94,3,4
qhzjjicp,II,55.66,60.669999999999995,2,2
jxrydzjg,II,47.83,47.82,4,5
txicxyrt,I,60.11,68.05,4,4
jcntuiqr,II,53.95,49.440000000000005,3,3
hfprfwla,II,65.36,65.26,2,3
oeqwhktr,II,38.26,38.199999999999996,4,4
fiuzrjpv,I,75.39,72.85,1,1
hvcpgdoq,II,52.14,40.86,3,3
asquxnty,II,65.69,65.53,4,4
whtkgmuf,III,39.46,NA,2,1
ptrscfqy,III,50.4,56.75,3,2
rjrbmfbv,II,38.46,35.1,3,3
bidadodt,I,67.08,NA,3,5
aiadwpbo,I,73.52,77.96,2,1
xtlaolpy,I,31.74,31.4,3,4
jfzdphgy,III,57.35,67.63,3,3
mrhcozqm,III,46.65,47.8,5,3
cwemggkr,II,64.12,61.260000000000005,1,1
kwemjeza,III,53.33,50.059999999999995,3,6
pfuqtlpg,I,67.16,62.379999999999995,4,2
tyoitlmm,III,40.85,37.800000000000004,2,1
eyxjugvm,I,47.75,49.61,3,4
jrxzyemj,I,41.04,48.37,3,3
hzmuxzff,I,33.73,45.56999999999999,4,3
heidgyul,II,44.94,40.94,2,3
rggntucp,III,40.89,44.54,4,5
zjhhsnxo,III,87.98,93.33,3,4
blsvpito,II,86.9,94.2,4,6
mtmzbytx,I,59.59,60.84,4,3
aqadnoup,I,40.19,38.309999999999995,3,3
rtoowqyq,II,35.4,29.13,2,2
cflnybdw,II,35.88,31.560000000000002,2,3
ammweoxu,II,62.8,60.459999999999994,4,4
sjzinofh,II,51.81,66.42,4,3
xjivlsxa,I,1.89,8.120000000000001,4,4
emuunzzn,I,52.07,45.09,4,3
amzacliz,II,39.35,38.980000000000004,3,4
depvvuas,II,65.61,73.28999999999999,3,3
wuecxvjh,I,12.08,24.78,3,3
ttljcfxx,II,91.2,93.74000000000001,3,3
tmgmjcda,I,34.61,36.95,4,3
qsamloeo,III,42.26,42.47,2,3
wdovbcqr,II,36.39,38.31,4,4
etzhdhar,I,76.29,79.61,3,3
xfrxqswp,III,37.16,43.98,1,1
xavqspfi,I,63.4,64.47,3,4
jbhssnsj,III,63.73,72,4,5
ljllgski,III,30.48,41.66,5,5
ujfoadbh,I,57.7,63,4,4
nthvaagv,II,47.68,47.27,3,3
peihnzzf,III,66.8,69.44,2,2
wrukuvjd,I,42.82,50,3,4
uvbmsrfk,II,61.57,56.12,4,3
lgkmxoil,III,67.85,68.30999999999999,3,4
ouiegbkf,III,71.05,64.61,4,3
xrjasmao,III,65.43,63.690000000000005,4,5
bowkcsgu,II,64.09,68.49000000000001,2,3
ejdchvzl,III,24.16,36.7,5,5
unbemdco,III,62.65,53.75,3,3
glzcbmby,I,38.53,29.36,4,4
atzluemr,II,65.32,63.04999999999999,3,3
vwxyvgtg,II,55.08,NA,3,3
jyxviwup,II,52.59,43.25,5,4
bshaiyxb,II,33.92,38.42,3,3
tblntgmz,III,51.04,54.42,4,6
vvbekvza,III,67.04,74.14,4,4
mvozxmur,II,52.19,50.94,3,2
orzsanvu,II,32.3,31.49,3,3
fbqcrmmw,I,58.67,59.300000000000004,3,3
keuwohmy,I,48.02,59.730000000000004,3,3
xhcanxbl,I,69.03,72.27,3,3
wtwfsswg,II,53.57,54.88,2,2
qjrkrxkd,III,27.2,23.48,1,1
vtnqklqm,III,66.26,63.580000000000005,3,1
ykfzdusu,III,-24,80.95,3,2
jzrmckmq,I,50.38,57.24,4,4
xqhjrxsx,I,52.85,60.34,4,3
eidqiqhb,I,63.29,64.49,3,4
gqycejdd,I,45.5,49.74,3,4
nfdfkmrf,II,18.61,17.14,4,4
yqlphsyr,II,67.42,72.32000000000001,1,1
fqhrthoc,II,NA,66.84,2,4
oyeacbho,I,44.34,42.910000000000004,3,2
gxnsybdt,III,51.5,56.24,2,3
mhphvkfh,III,47.79,57.31,2,2
igobmmvj,I,67.12,69.43,4,4
rlrabhmu,II,43.3,43.75,2,2
vwixrrdg,I,38.65,NA,3,3
imhquvqv,II,39.73,34.37,2,3
nhjlunsw,III,39.14,36.31,4,5
efrkyqyd,III,51.27,53.28,4,4
iazjfthk,III,57.26,58.98,3,3
bvotpdix,III,35.46,37.050000000000004,4,5
mdxnubik,I,39.35,45.47,4,4
ncmnjoao,III,39.35,41.78,5,5
urggsgou,I,37.52,40.59,3,3
ikjadtcj,I,42.59,40.34,6,5
xybpydwf,II,59.02,53.81,3,3
ugonhipz,II,43.57,45.44,3,3
oirwixzs,I,999,NA,2,2
larkahaq,II,53.96,49,5,6
rkkagfvo,II,41.13,39.24,3,2
lpxzaptg,II,40.9,35.75,4,5
iicyffwo,III,69.15,78.86000000000001,3,3
idquixfu,III,83.4,89.83000000000001,2,2
kkmpjazy,I,58.67,68.96000000000001,2,2
pzehnrxi,I,41.36,40.12,3,3
nmndsjlq,I,63.14,62.71,3,2
yhzhrgoj,III,10.94,12.16,2,1
wkujobwr,III,79.03,76.66,3,2
udpgedzh,II,50.67,56.260000000000005,3,2
xzdoiwbj,I,42.55,47.31999999999999,2,2
ifajorty,III,57.23,59.879999999999995,4,4
nijhwnir,II,41.54,50.629999999999995,4,4
