id,sex,age,height,weight,headband,college,tattoos,tchests,parrots,favorite.pirate,sword.type,eyepatch,sword.time,beard.length,fav.pixar,grogg
1,male,28,173.11,70.5,yes,JSSFP,9,0,0,Jack Sparrow,cutlass,1,0.58,16,"Monsters, Inc.",11
2,male,31,209.25,105.6,yes,JSSFP,9,11,0,Jack Sparrow,cutlass,0,1.11,21,WALL-E,9
3,male,26,169.95,77.1,yes,CCCC,10,10,1,Jack Sparrow,cutlass,1,1.44,19,Inside Out,7
4,female,31,144.29,58.5,no,JSSFP,2,0,2,Jack Sparrow,scimitar,1,36.11,2,Inside Out,9
5,female,41,157.85,58.4,yes,JSSFP,9,6,4,Hook,cutlass,1,0.11,0,Inside Out,14
6,male,26,190.2,85.4,yes,CCCC,7,19,0,Jack Sparrow,cutlass,1,0.59,17,Monsters University,7
7,female,31,158.05,59.6,yes,JSSFP,9,1,7,Blackbeard,cutlass,0,3.01,1,Cars,9
8,female,31,172.52,74.5,yes,JSSFP,5,13,7,Hook,cutlass,1,0.06,1,Inside Out,12
9,female,28,164.57,68.7,yes,JSSFP,12,37,2,Anicetus,cutlass,0,0.74,1,Toy Story 3,16
10,male,30,183.52,84.7,yes,JSSFP,12,69,4,Jack Sparrow,cutlass,1,0.71,25,Monsters University,9
11,female,25,162.49,63.5,yes,CCCC,10,1,3,Blackbeard,cutlass,1,0.78,1,Inside Out,7
12,male,20,163.65,70,yes,CCCC,14,5,3,Jack Sparrow,cutlass,0,0.47,27,"Monsters, Inc.",8
13,female,24,171.04,72.6,yes,CCCC,8,6,0,Lewis Scot,cutlass,0,0.53,0,"Monsters, Inc.",12
14,male,26,177.99,78.2,yes,CCCC,9,12,3,Jack Sparrow,cutlass,1,1.33,19,Inside Out,7
15,female,45,167.65,65.4,yes,JSSFP,14,70,0,Hook,cutlass,1,0.33,0,Monsters University,9
16,female,40,165.1,65.7,yes,JSSFP,8,3,1,Hook,scimitar,1,27.56,1,The Incredibles,10
17,male,21,177.52,72.7,yes,CCCC,11,3,0,Jack Sparrow,cutlass,0,0.33,20,Finding Nemo,15
18,female,30,158.3,65.6,yes,JSSFP,7,107,3,Blackbeard,cutlass,0,1.55,0,"Monsters, Inc.",8
19,female,35,173.07,72.8,yes,JSSFP,7,75,14,Hook,cutlass,0,0.72,0,Finding Nemo,11
20,male,26,175.45,69,yes,CCCC,14,30,3,Jack Sparrow,cutlass,0,0.4,27,WALL-E,10
21,male,22,187.83,85.8,yes,CCCC,10,11,6,Jack Sparrow,cutlass,0,0.5,12,"Monsters, Inc.",6
22,female,34,179.06,82.1,no,JSSFP,5,13,4,Edward Low,cutlass,1,0.03,2,Ratatouille,8
23,male,23,158.66,53.5,yes,CCCC,13,11,1,Edward Low,cutlass,0,0.02,29,Finding Nemo,13
24,male,12,175.29,83,yes,CCCC,10,3,2,Jack Sparrow,cutlass,1,0.14,24,Up,8
25,male,35,187.48,85.6,yes,JSSFP,10,18,1,Jack Sparrow,sabre,1,11.23,17,Inside Out,2
26,female,26,153.54,54.6,yes,CCCC,10,10,3,Blackbeard,cutlass,1,1.1,0,Inside Out,9
27,male,15,171.48,66,no,CCCC,2,2,0,Jack Sparrow,banana,1,44.74,18,Inside Out,10
28,male,30,177.04,71.9,yes,JSSFP,15,15,4,Edward Low,cutlass,1,0.35,29,Inside Out,15
29,female,17,145.98,57.4,yes,CCCC,14,1,1,Hook,cutlass,0,0.18,0,Finding Nemo,11
30,female,26,134.87,37.9,yes,CCCC,12,44,10,Edward Low,cutlass,1,0.59,1,Monsters University,2
31,male,22,196.69,91.7,no,CCCC,2,54,1,Jack Sparrow,cutlass,1,2.19,17,Monsters University,11
32,male,22,181.95,79.4,yes,CCCC,15,6,2,Hook,cutlass,1,0.12,29,Monsters University,9
33,male,31,190.02,90.5,yes,JSSFP,13,3,1,Jack Sparrow,cutlass,1,0.29,24,Inside Out,7
34,female,30,162.6,61,yes,CCCC,13,15,6,Jack Sparrow,cutlass,1,1.26,0,"Monsters, Inc.",7
35,male,23,178.24,75.1,yes,CCCC,17,2,1,Hook,cutlass,0,0.34,24,Brave,8
36,female,18,163.09,63.3,yes,CCCC,9,14,0,Jack Sparrow,cutlass,0,0.14,0,Monsters University,9
37,other,27,161.2,63.6,no,CCCC,0,3,1,Lewis Scot,scimitar,1,8.48,3,A Bug's Life,8
38,female,31,158.03,63,yes,JSSFP,8,1,2,Lewis Scot,cutlass,1,1.57,0,A Bug's Life,13
39,female,25,129.83,33,no,CCCC,6,39,1,Edward Low,sabre,0,1.13,1,Finding Nemo,13
40,female,36,153.68,61.7,yes,JSSFP,9,18,6,Anicetus,cutlass,1,0.17,0,Up,12
41,female,24,158.88,59.2,yes,CCCC,18,58,3,Jack Sparrow,cutlass,1,0.53,0,A Bug's Life,4
42,female,27,176.59,69.3,yes,CCCC,13,1,1,Edward Low,cutlass,1,1.35,1,Inside Out,8
43,female,26,158.6,67.7,yes,CCCC,15,10,2,Edward Low,cutlass,0,0.93,0,WALL-E,9
44,male,28,178.66,82.6,yes,CCCC,4,0,2,Jack Sparrow,cutlass,1,0.28,8,"Monsters, Inc.",19
45,male,28,167.63,65.9,yes,CCCC,8,17,5,Jack Sparrow,cutlass,1,0.51,17,Toy Story 3,10
46,female,24,176.23,75.3,yes,CCCC,14,14,8,Blackbeard,cutlass,1,0.23,0,Inside Out,6
47,female,23,157.7,64.9,yes,CCCC,12,56,2,Lewis Scot,cutlass,1,0.89,0,Up,9
48,male,27,166.62,67.8,no,CCCC,8,26,3,Lewis Scot,banana,1,31.39,11,"Monsters, Inc.",7
49,male,20,160.64,70.7,yes,CCCC,9,9,2,Jack Sparrow,cutlass,0,0.19,16,Toy Story 3,10
50,female,28,151.61,60.8,yes,CCCC,8,1,0,Lewis Scot,cutlass,0,1,1,Finding Nemo,9
51,male,26,170.25,71,yes,CCCC,9,13,1,Jack Sparrow,cutlass,1,0.79,15,Up,10
52,other,35,179.06,74.1,yes,JSSFP,13,0,4,Anicetus,cutlass,0,0.43,13,Ratatouille,13
53,male,27,191.01,89.6,yes,CCCC,11,6,1,Jack Sparrow,cutlass,1,0.92,15,Inside Out,5
54,female,38,160.91,58.2,yes,JSSFP,12,102,3,Lewis Scot,cutlass,1,0.51,1,Inside Out,-0
55,male,18,161.41,63.8,yes,CCCC,8,1,5,Jack Sparrow,cutlass,1,0.68,13,Inside Out,12
56,male,24,187.51,83.4,yes,CCCC,8,17,1,Jack Sparrow,cutlass,0,0.46,19,Toy Story,11
57,male,26,182.52,76.7,yes,CCCC,15,36,1,Jack Sparrow,cutlass,0,2.91,20,"Monsters, Inc.",18
58,female,30,156.38,57.2,yes,CCCC,9,35,0,Anicetus,cutlass,1,0.14,0,Inside Out,7
59,male,25,170.51,73.9,yes,CCCC,8,25,9,Jack Sparrow,cutlass,1,0.67,23,Monsters University,15
60,female,32,151.83,46.8,no,JSSFP,2,20,2,Hook,scimitar,1,13.8,1,WALL-E,10
61,female,37,147.82,52.2,yes,JSSFP,14,38,17,Jack Sparrow,cutlass,1,0.1,1,Monsters University,8
62,male,19,174.94,73.2,yes,CCCC,11,3,0,Lewis Scot,cutlass,0,1.22,20,WALL-E,14
63,male,26,178.15,81,no,CCCC,10,0,10,Jack Sparrow,sabre,1,4.86,15,Up,7
64,female,32,157.91,54.2,no,JSSFP,6,14,1,Jack Sparrow,scimitar,1,14.62,0,The Incredibles,11
65,female,23,168.26,70.8,yes,CCCC,9,20,1,Lewis Scot,cutlass,1,3.79,2,Inside Out,9
66,other,22,186.29,87.5,yes,CCCC,11,26,1,Edward Low,cutlass,0,3.27,23,Finding Nemo,11
67,male,21,174.63,76.7,yes,CCCC,14,34,1,Jack Sparrow,cutlass,1,0.04,16,Inside Out,8
68,female,32,165.66,55.8,yes,JSSFP,8,18,3,Anicetus,cutlass,1,0.31,0,Inside Out,3
69,male,28,179.63,74.9,yes,CCCC,7,16,7,Jack Sparrow,cutlass,0,0.44,14,Toy Story 2,10
70,other,21,179.8,66.6,yes,CCCC,11,31,1,Blackbeard,cutlass,0,0.71,20,The Incredibles,6
71,female,35,164.41,64.5,no,JSSFP,5,38,5,Lewis Scot,scimitar,0,1.93,0,WALL-E,13
72,female,20,152.21,57.7,yes,CCCC,7,17,2,Hook,cutlass,1,0.71,2,Inside Out,4
73,female,24,186.2,85.5,yes,CCCC,13,59,0,Hook,cutlass,1,0.01,0,The Incredibles,11
74,female,38,161.52,58.6,yes,JSSFP,9,31,3,Hook,cutlass,0,0.59,1,Brave,7
75,male,21,185.38,83.6,yes,CCCC,11,17,1,Jack Sparrow,cutlass,1,0.2,26,Inside Out,10
76,female,34,155.54,59,yes,JSSFP,6,4,0,Hook,cutlass,1,0.09,0,Cars,13
77,female,19,164.19,54.5,yes,CCCC,6,9,3,Lewis Scot,cutlass,1,0.01,0,Inside Out,7
78,male,25,169.03,67.3,yes,CCCC,7,64,0,Jack Sparrow,cutlass,1,0.24,31,Inside Out,13
79,male,18,171.32,66.6,yes,CCCC,13,2,0,Jack Sparrow,cutlass,1,0.89,22,Inside Out,12
80,female,36,160.57,64.7,yes,JSSFP,12,41,1,Edward Low,cutlass,1,0.17,1,Monsters University,9
81,female,35,152.77,57.6,no,JSSFP,5,54,6,Jack Sparrow,banana,1,2.5,0,Up,14
82,male,22,187.09,79.7,yes,CCCC,16,2,1,Jack Sparrow,cutlass,0,0.34,26,The Incredibles,9
83,male,21,159.73,70.3,yes,CCCC,12,0,1,Jack Sparrow,cutlass,1,1.12,14,Inside Out,11
84,female,15,179.91,74.6,yes,CCCC,14,5,2,Hook,cutlass,1,0.78,1,WALL-E,10
85,female,28,148.85,52.9,yes,CCCC,9,122,2,Blackbeard,cutlass,0,0.2,0,Toy Story,14
86,female,28,159.63,58.4,yes,CCCC,10,1,0,Lewis Scot,cutlass,0,1.09,0,Up,7
87,male,24,165.55,68.2,yes,CCCC,14,73,5,Jack Sparrow,cutlass,1,0.51,20,The Incredibles,11
88,female,34,169.06,63.6,no,JSSFP,6,1,2,Hook,banana,1,18.92,0,Finding Nemo,10
89,male,15,173.03,71.4,yes,CCCC,13,25,1,Jack Sparrow,scimitar,0,9.71,22,Cars,13
90,other,15,169.57,67.3,yes,CCCC,10,7,2,Hook,cutlass,0,1.37,20,Finding Nemo,9
91,male,22,179.77,81.1,yes,CCCC,3,0,2,Hook,cutlass,0,1.86,15,Finding Nemo,14
92,male,31,180.68,79.4,yes,JSSFP,9,13,1,Jack Sparrow,cutlass,1,2.18,10,"Monsters, Inc.",6
93,male,29,169.89,70.4,yes,JSSFP,7,75,24,Jack Sparrow,cutlass,1,2.13,18,Monsters University,11
94,male,20,178.16,76.8,yes,CCCC,12,7,0,Hook,cutlass,0,0.54,21,Up,9
95,female,45,148.2,54.2,yes,JSSFP,11,21,21,Lewis Scot,cutlass,1,0.62,1,Inside Out,10
96,female,35,155.69,52.5,yes,JSSFP,9,18,20,Anicetus,cutlass,1,1.91,1,Inside Out,14
97,male,22,187.16,79.1,yes,CCCC,4,66,2,Jack Sparrow,cutlass,0,0.65,13,Finding Nemo,11
98,female,17,166.89,70.1,yes,CCCC,7,10,2,Hook,cutlass,1,0.31,0,Inside Out,6
99,female,29,170.84,63.5,yes,JSSFP,14,34,5,Lewis Scot,cutlass,0,0.5,2,Finding Nemo,13
100,female,33,160.95,67,yes,JSSFP,9,72,0,Edward Low,cutlass,1,1.94,2,Inside Out,13
101,other,33,168.82,63,yes,JSSFP,13,10,2,Blackbeard,cutlass,1,1.06,13,Up,16
102,male,23,162.25,55.3,yes,CCCC,10,24,4,Jack Sparrow,cutlass,1,0.5,24,Inside Out,12
103,male,31,164.73,68,yes,JSSFP,13,22,2,Jack Sparrow,cutlass,1,0.49,24,Inside Out,8
104,male,20,161.89,63.9,yes,CCCC,11,6,6,Blackbeard,cutlass,1,4.55,16,"Monsters, Inc.",4
105,male,25,161.84,61.4,no,CCCC,6,15,1,Edward Low,scimitar,1,3.69,6,Inside Out,7
106,male,19,188.26,89.9,yes,CCCC,8,15,2,Jack Sparrow,cutlass,1,0.27,20,Inside Out,6
107,male,26,171.98,69.8,yes,CCCC,4,23,0,Jack Sparrow,cutlass,1,0.09,11,Up,9
108,male,26,162.77,60.8,yes,CCCC,7,37,0,Jack Sparrow,scimitar,0,2.91,18,Monsters University,10
109,male,29,187.63,88.2,yes,CCCC,12,29,2,Jack Sparrow,cutlass,1,0.04,21,Inside Out,12
110,male,34,186.93,85.1,yes,JSSFP,4,63,4,Jack Sparrow,cutlass,0,0.03,15,The Incredibles,12
111,male,30,188.19,86.2,yes,JSSFP,12,2,3,Jack Sparrow,cutlass,0,0.3,12,Monsters University,13
112,male,26,173.92,72.3,yes,CCCC,15,59,4,Jack Sparrow,cutlass,1,0.33,25,Inside Out,10
113,male,29,174.55,73.6,yes,JSSFP,12,8,4,Edward Low,cutlass,1,0.91,18,Inside Out,7
114,male,27,156.65,59.6,yes,CCCC,1,2,2,Jack Sparrow,cutlass,1,0.08,8,Inside Out,13
115,male,29,188.16,90.8,yes,CCCC,18,9,2,Jack Sparrow,cutlass,0,0.48,26,The Incredibles,10
116,male,17,165.18,62.7,yes,CCCC,9,9,2,Jack Sparrow,cutlass,1,0.18,13,Inside Out,6
117,male,31,184.16,79.2,yes,JSSFP,5,6,6,Jack Sparrow,cutlass,0,0.28,4,Monsters University,11
118,male,19,176.42,77.6,yes,CCCC,14,0,4,Jack Sparrow,cutlass,1,0.02,16,Inside Out,16
119,female,30,163.22,70.9,yes,CCCC,9,67,1,Lewis Scot,cutlass,0,0.48,0,Monsters University,8
120,female,16,161.14,65.2,yes,CCCC,9,2,0,Jack Sparrow,cutlass,1,0.12,1,Cars 2,7
121,female,33,166,66.7,yes,JSSFP,5,24,0,Edward Low,cutlass,0,0.66,0,Monsters University,11
122,female,26,150.86,56.7,yes,CCCC,11,9,4,Blackbeard,cutlass,1,0.1,1,A Bug's Life,9
123,male,18,176.82,76.9,yes,CCCC,9,22,5,Jack Sparrow,cutlass,1,1.92,17,"Monsters, Inc.",9
124,male,37,175.59,71.8,yes,JSSFP,10,21,9,Jack Sparrow,cutlass,0,0.42,20,Up,12
125,female,33,178.94,84.3,yes,JSSFP,10,0,1,Lewis Scot,cutlass,1,0.33,0,The Incredibles,6
126,female,30,163.79,65.6,yes,CCCC,17,33,1,Lewis Scot,cutlass,1,0.9,1,Inside Out,8
127,female,39,161.16,60.2,yes,JSSFP,12,0,0,Hook,cutlass,0,0.04,1,Finding Nemo,14
128,male,32,167.12,64.5,yes,JSSFP,11,10,5,Jack Sparrow,cutlass,0,0.05,18,Finding Nemo,2
129,male,28,167.41,67.1,yes,CCCC,5,3,7,Hook,cutlass,0,1.41,11,Finding Nemo,6
130,male,32,180.26,75.6,yes,JSSFP,14,36,1,Jack Sparrow,cutlass,1,0.06,25,Inside Out,12
131,female,32,148.7,57.6,yes,JSSFP,10,14,9,Edward Low,banana,1,19.58,0,Toy Story,11
132,female,21,166.57,65.1,yes,CCCC,8,19,1,Lewis Scot,cutlass,0,0.19,0,Cars,5
133,female,30,171.3,76.5,yes,CCCC,7,48,6,Lewis Scot,cutlass,1,0.5,0,Inside Out,10
134,male,16,191.17,86.9,no,CCCC,5,27,3,Jack Sparrow,sabre,0,4.78,13,Finding Nemo,10
135,female,34,167.86,67.9,yes,JSSFP,6,29,1,Jack Sparrow,cutlass,1,1.72,1,Toy Story,9
136,male,22,185.72,77.5,yes,CCCC,12,4,2,Jack Sparrow,cutlass,0,0.7,24,Finding Nemo,6
137,female,25,158.13,62.4,yes,CCCC,12,20,2,Blackbeard,cutlass,1,0.03,2,Cars 2,17
138,male,31,169.92,69.5,yes,JSSFP,12,3,14,Jack Sparrow,cutlass,0,0.1,18,A Bug's Life,8
139,male,27,172.41,70.5,yes,CCCC,8,3,15,Jack Sparrow,cutlass,1,0.15,20,Inside Out,15
140,male,30,170.09,68.9,yes,JSSFP,8,69,0,Jack Sparrow,cutlass,1,0.18,22,Monsters University,12
141,other,31,167.26,63.3,yes,JSSFP,12,92,6,Jack Sparrow,cutlass,1,0.94,22,WALL-E,11
142,female,26,157.1,56.2,yes,CCCC,13,14,4,Edward Low,cutlass,0,0.19,0,A Bug's Life,16
143,female,29,160.15,55.5,yes,CCCC,12,35,2,Jack Sparrow,cutlass,0,1.33,0,Finding Nemo,11
144,male,31,170.28,66.9,yes,JSSFP,4,74,1,Jack Sparrow,cutlass,0,0.72,16,Monsters University,7
145,other,31,178.68,71.7,yes,CCCC,10,36,0,Hook,cutlass,1,0.96,12,Inside Out,11
146,male,26,161.51,63.7,yes,CCCC,11,7,0,Jack Sparrow,cutlass,1,0.11,21,Up,14
147,female,29,154.84,59.3,yes,CCCC,10,28,1,Anicetus,cutlass,0,0.06,0,Finding Nemo,10
148,male,19,190.82,85.2,yes,CCCC,10,24,1,Jack Sparrow,cutlass,0,0.56,13,Finding Nemo,11
149,male,13,186.85,82.5,yes,CCCC,8,5,1,Hook,cutlass,1,0.64,28,Inside Out,7
150,female,26,176.27,74.5,yes,CCCC,7,4,1,Edward Low,cutlass,1,1.25,0,Inside Out,9
151,female,31,172.18,71.2,yes,JSSFP,12,19,1,Anicetus,cutlass,1,0.67,0,The Incredibles,8
152,male,36,171.48,73.6,yes,JSSFP,9,43,1,Lewis Scot,cutlass,1,0.81,21,Inside Out,10
153,female,29,152.03,59,yes,CCCC,7,5,0,Hook,cutlass,0,0.12,0,Finding Nemo,11
154,female,34,159.16,60.8,yes,JSSFP,10,13,4,Edward Low,cutlass,1,1.75,0,Inside Out,6
155,male,22,179.91,75.8,yes,CCCC,10,18,1,Jack Sparrow,cutlass,0,0.79,16,Toy Story 2,2
156,female,26,158.18,61.5,yes,CCCC,8,21,3,Blackbeard,sabre,0,1.17,0,Finding Nemo,9
157,male,34,157.83,63.1,yes,JSSFP,19,30,5,Edward Low,cutlass,0,0.6,35,Brave,12
158,male,26,183.98,79.8,yes,CCCC,9,4,3,Jack Sparrow,cutlass,1,0.08,18,Inside Out,9
159,female,32,160.9,66.7,yes,JSSFP,12,6,4,Anicetus,scimitar,1,38.49,0,The Incredibles,15
160,female,26,167.04,70.3,yes,CCCC,7,14,1,Lewis Scot,cutlass,1,0.13,1,Inside Out,11
161,male,20,187.23,81.4,yes,CCCC,12,60,3,Anicetus,sabre,1,2.44,22,Toy Story,13
162,male,22,186.99,84.2,yes,CCCC,13,9,1,Jack Sparrow,cutlass,1,0.21,12,Inside Out,9
163,male,18,169.19,66.8,yes,CCCC,10,27,1,Jack Sparrow,scimitar,0,0.25,13,Finding Nemo,10
164,male,22,191.65,91,yes,CCCC,6,28,7,Jack Sparrow,scimitar,1,3.78,12,Brave,9
165,female,36,156.18,55.6,yes,JSSFP,13,28,4,Hook,cutlass,1,0.83,1,Inside Out,13
166,male,21,181.4,80.4,yes,CCCC,10,1,0,Jack Sparrow,cutlass,1,0.13,23,Inside Out,7
167,male,25,182.91,75.1,yes,CCCC,11,72,3,Jack Sparrow,cutlass,0,0.39,29,Finding Nemo,8
168,female,34,157.38,57.6,yes,JSSFP,11,13,1,Hook,cutlass,0,0.46,1,Finding Nemo,11
169,male,23,198.72,90.5,yes,CCCC,12,13,3,Jack Sparrow,cutlass,1,2.22,24,Monsters University,10
170,female,26,153.9,61.1,yes,CCCC,7,8,2,Anicetus,cutlass,1,0.44,1,The Incredibles,13
171,male,21,168.89,69.3,yes,CCCC,10,26,1,Jack Sparrow,cutlass,1,1.37,22,"Monsters, Inc.",8
172,female,28,163.18,63.8,no,CCCC,4,13,0,Lewis Scot,sabre,1,2.23,0,Inside Out,12
173,male,19,155.42,55.6,yes,CCCC,12,12,1,Jack Sparrow,scimitar,0,23.93,20,Up,8
174,female,36,147.33,47.5,no,JSSFP,2,55,4,Jack Sparrow,sabre,1,2.25,0,Inside Out,6
175,male,29,170.81,70.8,yes,CCCC,6,110,1,Jack Sparrow,cutlass,0,0.47,8,Monsters University,8
176,female,33,143.11,49.8,yes,JSSFP,11,13,4,Edward Low,cutlass,1,0.56,1,The Incredibles,13
177,male,14,190.17,79.9,no,CCCC,1,14,1,Jack Sparrow,sabre,1,0.59,13,Inside Out,11
178,female,27,148.37,52.5,no,CCCC,5,2,5,Lewis Scot,scimitar,0,4.78,0,Finding Nemo,7
179,female,33,166.17,61.7,yes,JSSFP,15,60,0,Blackbeard,cutlass,0,0.21,1,Finding Nemo,10
180,male,20,189.18,82.9,yes,CCCC,6,25,1,Jack Sparrow,cutlass,1,1.11,18,Up,13
181,male,20,179.45,74.2,yes,CCCC,7,4,1,Jack Sparrow,cutlass,1,0.41,15,Up,13
182,male,24,161.99,59.8,yes,CCCC,11,34,5,Jack Sparrow,sabre,1,4.63,20,Cars,12
183,male,34,176.75,81.8,yes,JSSFP,11,2,1,Jack Sparrow,cutlass,1,0.22,26,Inside Out,8
184,male,29,178.71,75.1,yes,CCCC,5,19,4,Anicetus,cutlass,1,0.46,12,Toy Story 2,11
185,male,35,171.74,75.9,yes,JSSFP,12,11,1,Lewis Scot,cutlass,1,2.44,21,Finding Nemo,11
186,female,27,146.73,46.2,yes,CCCC,6,15,2,Blackbeard,scimitar,1,14.94,0,Toy Story 3,9
187,male,20,170.14,68,yes,CCCC,13,10,1,Jack Sparrow,cutlass,1,0.58,25,Inside Out,11
188,female,39,180.84,75,yes,JSSFP,11,44,9,Hook,cutlass,1,0.47,0,The Incredibles,10
189,female,33,169.4,71.4,yes,JSSFP,10,58,3,Hook,cutlass,1,0.58,0,Inside Out,7
190,female,28,150.1,64.5,yes,CCCC,11,1,6,Lewis Scot,cutlass,1,0.17,0,Monsters University,11
191,female,25,164.38,69.1,yes,CCCC,15,23,2,Lewis Scot,cutlass,0,0.44,0,Finding Nemo,11
192,male,32,167.03,68.2,yes,JSSFP,12,6,3,Hook,cutlass,1,0.35,26,Inside Out,12
193,female,26,173.1,75.8,yes,CCCC,10,20,5,Jack Sparrow,cutlass,1,0.23,0,Inside Out,13
194,male,30,187.11,87.7,yes,JSSFP,8,5,1,Jack Sparrow,cutlass,1,0.54,17,Inside Out,7
195,male,29,196.66,90.2,yes,JSSFP,10,22,6,Jack Sparrow,cutlass,1,0.25,27,Monsters University,12
196,female,27,162.91,61.8,yes,CCCC,8,46,7,Edward Low,cutlass,1,0.43,1,Up,7
197,female,26,161.73,70.3,yes,CCCC,10,23,1,Lewis Scot,cutlass,0,0.35,1,Up,13
198,female,36,167.23,70.1,yes,JSSFP,11,4,0,Hook,sabre,0,1.6,0,Monsters University,15
199,female,33,195.78,93,yes,JSSFP,13,15,0,Anicetus,cutlass,1,0.85,0,The Incredibles,12
200,female,30,176.5,76.4,yes,JSSFP,-0,8,0,Jack Sparrow,cutlass,1,0.46,0,Inside Out,8
201,male,18,178.05,70.6,yes,CCCC,14,12,1,Anicetus,cutlass,1,0.3,26,Inside Out,8
202,female,21,155.81,58.5,yes,CCCC,8,1,2,Hook,cutlass,1,0.03,0,Inside Out,10
203,male,28,185.95,77,yes,CCCC,10,10,1,Edward Low,cutlass,0,1.02,22,Up,12
204,female,35,178.5,77.3,yes,JSSFP,15,49,1,Jack Sparrow,cutlass,0,0.04,1,Finding Nemo,11
205,female,20,149.71,59,yes,CCCC,8,25,1,Jack Sparrow,cutlass,1,0,0,"Monsters, Inc.",6
206,female,23,161.34,58.8,yes,CCCC,9,1,1,Hook,cutlass,1,0.67,0,Inside Out,12
207,female,32,167.24,65.1,yes,JSSFP,12,2,1,Anicetus,cutlass,1,0.39,0,Toy Story 3,12
208,male,22,171.26,70.3,yes,CCCC,10,7,0,Jack Sparrow,cutlass,0,0.24,13,Up,11
209,male,27,176.3,70.2,yes,CCCC,2,2,1,Hook,cutlass,1,1.75,15,Inside Out,5
210,other,32,155.09,58.5,yes,JSSFP,10,122,0,Jack Sparrow,cutlass,1,0.17,12,Finding Nemo,9
211,female,32,157.2,60.5,yes,CCCC,12,11,3,Lewis Scot,cutlass,1,1.41,1,Inside Out,11
212,female,26,156.34,57.1,yes,CCCC,8,4,5,Lewis Scot,cutlass,0,1.38,0,Finding Nemo,10
213,female,26,150.93,62.2,yes,CCCC,7,7,0,Blackbeard,cutlass,1,0.12,0,WALL-E,10
214,female,29,183.21,78,yes,JSSFP,13,12,10,Anicetus,cutlass,1,0.16,0,A Bug's Life,4
215,female,27,187.3,80.5,yes,JSSFP,8,28,1,Jack Sparrow,cutlass,1,0.07,0,Inside Out,3
216,female,33,166.42,71.7,yes,JSSFP,7,54,2,Blackbeard,cutlass,1,0.15,1,A Bug's Life,11
217,female,34,191.52,85.8,yes,JSSFP,6,37,1,Lewis Scot,cutlass,1,0.68,0,Inside Out,9
218,male,22,179,77.3,yes,CCCC,10,11,6,Jack Sparrow,cutlass,1,0.33,26,Inside Out,8
219,male,34,194.74,87.5,no,JSSFP,1,26,0,Blackbeard,banana,1,44.37,11,Monsters University,14
220,male,28,181.82,82.9,yes,CCCC,15,52,5,Jack Sparrow,cutlass,1,0.08,33,Inside Out,9
221,female,30,155.91,57,yes,JSSFP,12,9,2,Blackbeard,sabre,1,4.4,0,Monsters University,11
222,male,24,148.73,55.4,yes,CCCC,7,37,0,Jack Sparrow,cutlass,1,1.94,12,Inside Out,15
223,female,28,135.15,45.2,yes,JSSFP,11,28,7,Jack Sparrow,cutlass,1,0.8,0,Finding Nemo,12
224,female,24,166.62,65.5,yes,CCCC,9,13,1,Blackbeard,cutlass,1,0.32,0,Brave,13
225,male,25,169.31,69,yes,CCCC,10,25,0,Jack Sparrow,cutlass,1,0.25,25,Inside Out,9
226,male,30,177.05,67.1,yes,JSSFP,11,123,1,Jack Sparrow,cutlass,0,0.13,23,Finding Nemo,10
227,female,32,178.52,74.7,yes,JSSFP,8,2,4,Anicetus,cutlass,0,0.14,0,Finding Nemo,12
228,female,26,167.45,65.2,yes,CCCC,5,12,0,Edward Low,cutlass,0,0.19,0,Inside Out,7
229,female,31,163.24,60.2,yes,JSSFP,9,21,5,Anicetus,cutlass,1,1.05,2,Finding Nemo,10
230,female,31,174,71.8,no,JSSFP,5,9,0,Hook,banana,1,39.7,1,Inside Out,11
231,male,26,175.07,72.3,no,CCCC,9,9,1,Edward Low,banana,1,1.18,14,Inside Out,11
232,female,38,161.37,64.8,yes,JSSFP,7,48,2,Hook,cutlass,1,2.15,0,Toy Story 2,11
233,female,29,174.16,71.1,yes,JSSFP,12,18,1,Edward Low,cutlass,1,0.49,0,Inside Out,16
234,male,26,170.11,70.9,yes,CCCC,8,5,1,Jack Sparrow,cutlass,0,0.21,21,Finding Nemo,19
235,male,22,173.82,72,yes,CCCC,12,7,12,Lewis Scot,scimitar,1,0.74,27,WALL-E,5
236,male,21,176.45,80.2,yes,CCCC,14,4,2,Blackbeard,cutlass,0,0.05,28,Monsters University,9
237,other,24,174.76,73.2,yes,CCCC,10,17,1,Lewis Scot,cutlass,1,0.22,15,Brave,15
238,female,29,158.21,54.4,yes,CCCC,11,63,3,Anicetus,cutlass,1,0.79,0,The Incredibles,13
239,female,40,173.33,69.8,yes,JSSFP,4,15,3,Edward Low,cutlass,1,1.01,1,Inside Out,11
240,male,35,168.78,69.5,yes,JSSFP,9,125,2,Blackbeard,cutlass,0,0.13,17,Finding Nemo,13
241,female,27,173.52,79.3,yes,CCCC,12,2,4,Hook,cutlass,1,0.6,0,Cars,11
242,female,27,163.79,63.2,yes,CCCC,16,18,1,Hook,cutlass,1,1.64,1,Inside Out,11
243,female,34,188.44,88,yes,JSSFP,7,59,7,Hook,cutlass,1,2.19,1,Inside Out,11
244,male,27,164.99,67.9,yes,CCCC,8,23,1,Jack Sparrow,cutlass,0,0.13,14,Finding Nemo,12
245,male,17,172.84,71.5,yes,CCCC,12,21,3,Jack Sparrow,cutlass,0,0.58,21,Brave,8
246,female,33,164.32,66.7,yes,JSSFP,10,101,4,Hook,cutlass,0,1.14,0,Finding Nemo,6
247,male,28,164.26,62.8,yes,CCCC,14,13,2,Jack Sparrow,cutlass,1,0.15,20,Cars 2,6
248,male,19,175.78,68.9,yes,CCCC,6,43,4,Jack Sparrow,cutlass,1,0.19,21,"Monsters, Inc.",10
249,male,22,182.14,77.6,yes,CCCC,12,16,2,Blackbeard,cutlass,1,1.1,22,Up,6
250,female,25,169.53,63.8,yes,CCCC,9,21,9,Edward Low,cutlass,1,0.06,0,The Incredibles,8
251,male,33,177.82,76.4,yes,JSSFP,9,1,2,Blackbeard,cutlass,0,0.01,14,Finding Nemo,3
252,female,23,177.9,80.2,yes,CCCC,6,10,4,Jack Sparrow,cutlass,1,0.95,1,Inside Out,10
253,female,37,168.14,70.5,yes,JSSFP,12,8,0,Blackbeard,cutlass,1,1.81,0,Inside Out,13
254,male,18,180.27,77.2,yes,CCCC,11,47,0,Jack Sparrow,cutlass,0,0.67,22,The Incredibles,6
255,female,28,163.97,62.5,yes,CCCC,11,6,0,Hook,cutlass,1,0.3,0,The Incredibles,14
256,male,22,195.82,88.3,yes,CCCC,4,9,3,Jack Sparrow,cutlass,1,0.52,24,Cars,9
257,female,33,154.1,59,yes,JSSFP,10,32,1,Hook,cutlass,1,0.78,0,Inside Out,17
258,female,34,171.51,66.2,yes,JSSFP,8,19,5,Anicetus,cutlass,0,0.16,1,Finding Nemo,11
259,female,20,165.28,72.7,yes,CCCC,12,10,0,Jack Sparrow,cutlass,1,1.75,0,Finding Nemo,9
260,other,31,182.44,81.7,no,JSSFP,11,17,4,Anicetus,banana,0,7.63,12,Finding Nemo,9
261,male,22,179.93,72.2,yes,CCCC,13,0,1,Jack Sparrow,cutlass,1,0.39,23,The Incredibles,10
262,male,27,178.91,74.4,no,CCCC,2,15,6,Jack Sparrow,banana,1,3.52,11,"Monsters, Inc.",5
263,male,27,166.41,70.3,yes,CCCC,10,0,3,Jack Sparrow,cutlass,1,0.17,24,Monsters University,11
264,male,20,175.04,75,yes,CCCC,10,1,3,Jack Sparrow,cutlass,1,0.25,25,Inside Out,11
265,male,29,183.59,82.9,yes,CCCC,15,8,0,Jack Sparrow,cutlass,1,1.67,23,Cars 2,12
266,male,22,169.02,75,yes,CCCC,9,14,1,Jack Sparrow,cutlass,1,0.15,19,Inside Out,8
267,female,32,166.98,63.3,yes,JSSFP,9,32,7,Blackbeard,cutlass,1,0.06,0,Toy Story 3,9
268,female,29,153.28,59.5,yes,CCCC,11,9,5,Anicetus,cutlass,0,1.4,1,Up,10
269,female,26,155.63,56.7,yes,CCCC,9,14,1,Hook,cutlass,1,0.32,0,Inside Out,11
270,male,27,182.72,80.8,yes,JSSFP,11,10,0,Jack Sparrow,cutlass,1,0.19,20,Inside Out,12
271,female,31,159.86,61.3,yes,JSSFP,10,12,0,Blackbeard,scimitar,1,8.59,0,Inside Out,12
272,male,26,196.75,92.5,yes,CCCC,7,16,0,Jack Sparrow,cutlass,1,0.1,13,Toy Story 2,13
273,female,24,158.51,60.6,yes,CCCC,17,28,1,Anicetus,cutlass,0,0.1,0,Cars,7
274,female,35,161.31,64.9,yes,JSSFP,8,20,1,Lewis Scot,cutlass,0,0.53,0,Finding Nemo,12
275,female,32,176.72,74.7,yes,JSSFP,17,60,1,Anicetus,cutlass,1,1.27,1,Inside Out,10
276,male,28,167.53,69.7,yes,CCCC,11,32,1,Jack Sparrow,cutlass,1,0.3,21,Inside Out,8
277,male,20,194.53,86.8,yes,CCCC,9,32,1,Jack Sparrow,cutlass,1,0.3,5,Brave,13
278,female,28,156.16,55.1,no,CCCC,9,0,2,Blackbeard,sabre,0,5.59,0,"Monsters, Inc.",11
279,female,26,163.98,60.3,yes,CCCC,10,54,2,Edward Low,cutlass,1,0,0,Inside Out,13
280,male,27,197.43,96.2,yes,CCCC,12,33,0,Jack Sparrow,cutlass,1,0.07,22,Up,8
281,female,36,157.46,60.5,yes,JSSFP,14,30,3,Blackbeard,cutlass,0,0.03,0,Finding Nemo,10
282,female,25,164.72,64.4,yes,CCCC,8,5,8,Anicetus,cutlass,1,0.23,0,Inside Out,16
283,male,21,182.78,82,yes,CCCC,8,35,2,Jack Sparrow,cutlass,1,2,29,"Monsters, Inc.",13
284,male,21,188.27,89.9,no,CCCC,2,4,7,Jack Sparrow,banana,0,4.24,12,Monsters University,8
285,male,22,172.81,76.7,yes,CCCC,4,18,0,Jack Sparrow,scimitar,0,2.65,20,The Incredibles,16
286,male,30,161.71,66,yes,JSSFP,17,47,2,Jack Sparrow,cutlass,0,0.19,34,Finding Nemo,8
287,male,30,189.5,82.8,yes,JSSFP,11,7,1,Jack Sparrow,cutlass,1,0.16,19,Inside Out,9
288,male,17,173.62,79.7,yes,CCCC,16,30,2,Blackbeard,cutlass,1,0.5,24,Up,8
289,female,22,160.45,61.4,no,CCCC,4,30,0,Lewis Scot,sabre,1,5.46,0,Inside Out,9
290,male,28,182.89,81.8,yes,CCCC,11,1,7,Edward Low,cutlass,1,0.66,23,Up,12
291,female,32,172.88,74.9,yes,CCCC,9,40,1,Hook,cutlass,0,0.33,3,WALL-E,9
292,male,29,200.62,101.6,yes,CCCC,9,2,3,Jack Sparrow,sabre,1,9.9,14,WALL-E,6
293,male,23,166.12,71.3,yes,CCCC,8,32,0,Jack Sparrow,cutlass,0,0.38,29,Finding Nemo,13
294,male,25,162.47,62.6,yes,CCCC,9,9,1,Jack Sparrow,cutlass,0,1.04,26,Up,12
295,female,33,165.84,62.3,yes,JSSFP,10,78,1,Edward Low,cutlass,0,0.17,0,Finding Nemo,8
296,female,28,159.08,66.2,yes,CCCC,6,2,1,Edward Low,scimitar,1,12.13,1,The Incredibles,6
297,female,31,156.06,55.1,no,JSSFP,6,51,3,Hook,scimitar,1,5.8,1,WALL-E,11
298,female,33,155.71,51.9,yes,JSSFP,15,15,3,Hook,cutlass,1,0,0,A Bug's Life,12
299,male,19,183.17,79.3,yes,CCCC,11,9,1,Jack Sparrow,cutlass,1,0.02,18,The Incredibles,8
300,male,32,180.37,71.4,yes,JSSFP,11,0,5,Jack Sparrow,cutlass,1,0.6,24,Up,13
301,female,38,165.55,61.3,yes,JSSFP,11,37,0,Jack Sparrow,cutlass,1,0.67,0,Inside Out,9
302,male,17,186.14,87.4,yes,CCCC,7,1,1,Jack Sparrow,cutlass,1,1.38,16,WALL-E,11
303,male,26,167,72,yes,CCCC,13,10,4,Jack Sparrow,cutlass,1,0.14,23,Inside Out,12
304,male,29,184.62,85.8,yes,JSSFP,10,44,1,Jack Sparrow,cutlass,1,0.43,13,Inside Out,10
305,male,27,151.07,55.6,yes,CCCC,6,3,5,Blackbeard,cutlass,0,0.36,15,Finding Nemo,7
306,male,38,172.25,71.5,yes,JSSFP,10,10,5,Edward Low,cutlass,1,0.14,16,Inside Out,10
307,female,37,174.85,71.7,yes,JSSFP,7,18,18,Hook,cutlass,1,0.38,1,Inside Out,6
308,male,31,166.22,66.3,no,JSSFP,6,53,1,Jack Sparrow,banana,1,13.24,18,Monsters University,12
309,female,29,163.73,67.6,yes,CCCC,13,10,1,Edward Low,scimitar,1,1.54,1,Up,11
310,female,27,166.91,66,yes,JSSFP,11,15,3,Blackbeard,cutlass,0,0.3,0,Finding Nemo,11
311,female,39,147.8,60,yes,JSSFP,14,33,13,Jack Sparrow,cutlass,1,0.04,0,A Bug's Life,9
312,female,32,164.63,62.7,no,JSSFP,8,11,2,Edward Low,sabre,1,1.38,1,Inside Out,10
313,female,36,144.34,48.9,yes,JSSFP,7,5,9,Jack Sparrow,cutlass,1,0.03,1,Up,9
314,female,28,174.65,70.5,yes,CCCC,14,135,0,Lewis Scot,cutlass,0,1.27,0,Finding Nemo,12
315,female,31,159.56,54.5,yes,JSSFP,11,18,3,Blackbeard,cutlass,0,2.25,0,Finding Nemo,16
316,male,26,178.43,74.2,no,CCCC,3,8,6,Jack Sparrow,cutlass,0,0.08,21,Finding Nemo,6
317,female,34,157.56,55.2,yes,JSSFP,11,12,12,Blackbeard,cutlass,1,0.45,0,Inside Out,14
318,female,33,156.59,55.9,yes,JSSFP,9,66,4,Lewis Scot,cutlass,0,0.57,1,Finding Nemo,12
319,female,37,169.36,71,yes,JSSFP,13,12,6,Hook,cutlass,0,1.12,1,The Incredibles,13
320,male,23,161.57,65.5,yes,CCCC,15,2,3,Jack Sparrow,cutlass,1,1.71,40,The Incredibles,9
321,female,25,181.49,79.5,yes,CCCC,14,20,1,Jack Sparrow,cutlass,1,0.18,0,Inside Out,5
322,female,25,158.35,59,yes,CCCC,9,12,1,Lewis Scot,cutlass,1,2.3,0,Inside Out,12
323,other,24,193.51,88.3,yes,CCCC,12,71,4,Edward Low,cutlass,0,0.41,9,Finding Nemo,14
324,female,24,147.54,51.1,yes,CCCC,13,18,1,Jack Sparrow,cutlass,0,0.3,0,Finding Nemo,12
325,male,34,189.02,80.9,yes,JSSFP,12,54,3,Lewis Scot,cutlass,0,0.38,17,A Bug's Life,6
326,male,24,197.98,90.5,yes,CCCC,12,1,1,Jack Sparrow,cutlass,1,0.76,26,Inside Out,10
327,male,16,167.51,68.1,yes,CCCC,9,4,2,Lewis Scot,cutlass,1,0.01,23,Up,8
328,male,15,175.63,74.1,yes,CCCC,8,9,1,Jack Sparrow,cutlass,0,0.15,31,The Incredibles,13
329,female,26,155.46,59.6,yes,CCCC,13,15,3,Anicetus,cutlass,1,0.15,3,WALL-E,8
330,female,41,156.54,57,yes,JSSFP,10,2,0,Blackbeard,cutlass,0,1.1,1,A Bug's Life,12
331,male,24,181.84,76.2,yes,CCCC,10,3,0,Jack Sparrow,sabre,1,2.77,23,Inside Out,11
332,female,34,168.62,73.6,yes,JSSFP,10,22,2,Edward Low,cutlass,1,1.06,0,WALL-E,8
333,female,24,158.27,58.8,yes,CCCC,13,2,1,Blackbeard,sabre,0,6.14,0,Toy Story 2,15
334,female,33,179.23,77.3,yes,JSSFP,10,6,3,Blackbeard,cutlass,0,0.1,0,A Bug's Life,15
335,female,31,159.8,56.4,yes,JSSFP,11,11,1,Lewis Scot,cutlass,1,0.22,0,Cars 2,15
336,female,28,158.88,61.1,no,CCCC,6,22,1,Blackbeard,sabre,0,1.45,0,Inside Out,2
337,male,26,157.64,62.7,yes,CCCC,8,27,6,Jack Sparrow,scimitar,0,7.59,20,Finding Nemo,9
338,male,25,162.19,62.3,yes,CCCC,9,139,1,Hook,cutlass,1,2.93,22,Toy Story 2,6
339,male,18,169.16,71,yes,CCCC,13,3,3,Jack Sparrow,scimitar,0,2.62,22,WALL-E,11
340,female,31,162.04,59.3,yes,JSSFP,10,6,1,Jack Sparrow,cutlass,0,0.2,2,A Bug's Life,10
341,male,30,179.01,81.9,no,JSSFP,8,12,3,Jack Sparrow,banana,0,3.64,24,Finding Nemo,9
342,female,27,156.09,62.5,yes,CCCC,12,7,2,Edward Low,cutlass,1,0.73,0,"Monsters, Inc.",11
343,male,26,177.86,77.7,yes,CCCC,7,24,1,Jack Sparrow,cutlass,1,0.13,21,Monsters University,5
344,female,32,183.21,87.8,no,JSSFP,7,7,1,Lewis Scot,banana,1,62.63,1,Up,10
345,male,31,173.07,71.4,yes,CCCC,10,13,2,Lewis Scot,cutlass,1,0.33,19,Inside Out,8
346,female,29,160.42,59.7,yes,CCCC,10,6,1,Blackbeard,cutlass,0,0.24,1,The Incredibles,7
347,male,26,170.34,69.9,yes,CCCC,13,5,1,Edward Low,cutlass,1,0.2,23,Finding Nemo,11
348,male,24,175.47,72.3,yes,CCCC,11,9,1,Jack Sparrow,cutlass,1,0.49,18,Inside Out,10
349,male,21,196.33,81.4,yes,CCCC,13,13,4,Jack Sparrow,cutlass,1,0.56,22,Inside Out,8
350,male,20,169.22,70.6,yes,CCCC,16,10,9,Hook,cutlass,1,0.19,24,Finding Nemo,10
351,female,36,137.43,48.5,yes,JSSFP,12,1,8,Blackbeard,cutlass,1,0.1,1,Cars 2,9
352,male,22,186.29,87.4,yes,CCCC,9,45,2,Jack Sparrow,cutlass,0,0.28,18,Monsters University,10
353,female,25,174.78,77.2,yes,CCCC,12,11,1,Lewis Scot,cutlass,1,1.66,1,WALL-E,4
354,male,25,184.39,83.9,yes,CCCC,10,5,1,Hook,cutlass,1,0.17,21,"Monsters, Inc.",11
355,female,28,171.99,75.1,yes,CCCC,9,5,3,Edward Low,cutlass,1,0.03,1,Up,3
356,male,21,165.42,62,yes,CCCC,10,15,1,Jack Sparrow,cutlass,1,1.23,13,WALL-E,11
357,male,30,195.14,93.9,yes,CCCC,9,15,0,Jack Sparrow,cutlass,1,0.43,21,Inside Out,6
358,female,30,160.36,61.2,yes,JSSFP,8,27,4,Lewis Scot,cutlass,1,0.46,0,Inside Out,16
359,male,33,167.16,67.2,no,JSSFP,10,41,8,Jack Sparrow,sabre,1,8.02,16,A Bug's Life,11
360,male,32,166.83,66.6,yes,JSSFP,14,32,1,Jack Sparrow,cutlass,0,0.83,37,Up,10
361,male,29,177.26,79.5,yes,CCCC,8,5,1,Jack Sparrow,cutlass,1,0.35,21,Inside Out,11
362,male,28,180.11,81.2,yes,CCCC,9,1,3,Jack Sparrow,cutlass,0,0.34,14,WALL-E,9
363,male,16,180.02,78.8,yes,CCCC,10,23,4,Jack Sparrow,cutlass,1,0.58,20,Inside Out,10
364,female,40,162.52,64.3,yes,JSSFP,8,46,4,Hook,cutlass,0,1.01,1,Up,14
365,male,28,177.32,79.8,yes,CCCC,11,5,1,Jack Sparrow,sabre,0,1.56,22,Finding Nemo,9
366,female,33,158.4,61,no,JSSFP,3,23,2,Lewis Scot,banana,0,66.74,1,Finding Nemo,14
367,female,28,162.36,64.5,yes,CCCC,10,49,3,Edward Low,cutlass,1,3,0,Cars 2,12
368,female,39,162.56,58.5,yes,JSSFP,8,46,0,Lewis Scot,cutlass,0,0.27,1,The Incredibles,10
369,male,19,164.48,64.1,yes,CCCC,13,16,1,Jack Sparrow,scimitar,1,9.92,19,Inside Out,16
370,other,35,176.64,74.6,yes,JSSFP,13,6,0,Anicetus,cutlass,0,0.7,15,The Incredibles,7
371,male,27,178.78,80,no,CCCC,4,19,3,Jack Sparrow,banana,1,23.38,14,Brave,9
372,male,25,178.51,76.6,yes,CCCC,8,31,3,Jack Sparrow,cutlass,1,0.13,21,Up,7
373,female,28,177.32,77.2,yes,CCCC,8,84,2,Blackbeard,cutlass,0,0.84,0,Monsters University,11
374,male,13,180.7,84.7,yes,CCCC,17,6,1,Jack Sparrow,cutlass,1,0.31,25,Inside Out,12
375,male,30,178.34,73.6,yes,JSSFP,12,15,0,Jack Sparrow,cutlass,0,0.09,21,Finding Nemo,12
376,female,39,173.28,73.5,no,JSSFP,3,53,5,Hook,cutlass,1,3.52,0,Monsters University,10
377,female,30,179.17,79.2,yes,CCCC,10,45,4,Jack Sparrow,cutlass,0,0.17,0,WALL-E,11
378,female,29,159,65,yes,CCCC,4,6,7,Lewis Scot,cutlass,1,0.05,0,Monsters University,9
379,female,36,178.84,80.8,yes,JSSFP,6,4,3,Anicetus,cutlass,1,0.15,3,Inside Out,9
380,male,20,176.72,71.9,no,CCCC,7,12,6,Jack Sparrow,cutlass,1,0.81,23,Inside Out,9
381,male,36,192.82,86.9,no,JSSFP,11,15,3,Jack Sparrow,sabre,0,4.1,23,The Incredibles,14
382,male,12,168.03,65.9,yes,CCCC,8,4,0,Anicetus,cutlass,1,0.38,21,Toy Story,14
383,female,35,159.88,58.8,yes,JSSFP,11,21,14,Anicetus,cutlass,1,0.27,0,Inside Out,12
384,male,23,161.71,62.1,yes,CCCC,6,22,3,Jack Sparrow,cutlass,1,0.23,9,Cars,13
385,male,34,173.02,69.3,yes,CCCC,13,21,0,Hook,cutlass,0,0.55,16,WALL-E,8
386,female,31,171.91,73.7,yes,JSSFP,10,25,0,Blackbeard,cutlass,0,1.33,0,Monsters University,5
387,female,21,176.91,69,no,CCCC,6,7,0,Hook,banana,0,2.28,0,Up,12
388,male,23,167.78,64.4,yes,CCCC,8,6,4,Hook,banana,1,3.63,13,Inside Out,9
389,other,30,177.33,69.6,yes,JSSFP,8,55,3,Anicetus,cutlass,1,1.25,15,Inside Out,8
390,male,24,155.61,58.6,yes,CCCC,11,14,0,Jack Sparrow,cutlass,0,0.3,20,WALL-E,12
391,female,32,153.19,56,yes,JSSFP,8,47,0,Edward Low,cutlass,0,0.08,0,WALL-E,7
392,female,33,162.75,60.1,yes,JSSFP,12,8,1,Lewis Scot,sabre,1,9.03,0,Finding Nemo,6
393,female,27,171.87,70.7,yes,CCCC,9,32,3,Blackbeard,cutlass,1,0.01,0,Inside Out,8
394,male,32,187.62,85,yes,CCCC,14,10,4,Edward Low,cutlass,1,0.45,19,Inside Out,7
395,female,33,181.77,75.8,yes,JSSFP,9,23,20,Lewis Scot,cutlass,0,1.51,0,Finding Nemo,10
396,female,32,171.1,64.4,yes,JSSFP,10,109,1,Lewis Scot,cutlass,1,0.37,1,WALL-E,12
397,female,31,160.74,65.9,yes,CCCC,6,14,1,Lewis Scot,cutlass,1,0.02,1,WALL-E,8
398,female,27,160.7,57.6,yes,CCCC,11,14,1,Lewis Scot,cutlass,1,0.21,0,Toy Story 2,14
399,other,24,172.49,62.5,yes,CCCC,8,47,1,Lewis Scot,cutlass,0,0.11,7,Finding Nemo,7
400,other,32,156.07,58.3,no,CCCC,7,19,2,Hook,sabre,1,5.71,12,Up,12
401,female,28,163.18,61.9,yes,JSSFP,9,15,0,Hook,cutlass,1,0.16,0,Inside Out,11
402,female,29,165.49,67.1,yes,JSSFP,8,35,7,Hook,scimitar,0,7.57,0,A Bug's Life,12
403,male,24,171.85,73.1,yes,CCCC,13,2,1,Jack Sparrow,cutlass,1,2.17,23,Inside Out,8
404,female,33,160.21,65,no,JSSFP,3,12,0,Jack Sparrow,sabre,1,7.86,1,Up,11
405,female,25,166.87,69.2,yes,CCCC,10,6,0,Edward Low,cutlass,0,0.19,0,Up,13
406,female,21,151.46,61.7,no,CCCC,1,3,3,Anicetus,sabre,1,0.78,1,Up,14
407,female,36,161.84,61.5,no,JSSFP,8,24,1,Jack Sparrow,banana,1,6.54,1,Monsters University,4
408,female,25,160.26,62.2,yes,CCCC,8,24,6,Blackbeard,cutlass,1,0.77,1,WALL-E,12
409,male,28,200.57,96.7,yes,CCCC,7,10,0,Jack Sparrow,cutlass,1,1.21,15,Inside Out,7
410,female,27,165.05,60.7,yes,CCCC,7,0,7,Hook,cutlass,1,0.22,1,Inside Out,10
411,female,28,169.67,67.7,yes,CCCC,10,14,8,Jack Sparrow,cutlass,1,0.03,0,Inside Out,10
412,female,32,176.51,77.1,yes,JSSFP,7,52,7,Edward Low,scimitar,1,9.13,0,Inside Out,9
413,female,28,162.51,62.6,yes,CCCC,11,3,3,Jack Sparrow,cutlass,1,0.12,1,Finding Nemo,8
414,female,20,185.9,80.7,yes,CCCC,9,1,3,Blackbeard,cutlass,1,0.37,0,"Monsters, Inc.",11
415,other,16,174.12,73.4,yes,CCCC,11,4,0,Jack Sparrow,cutlass,1,0.06,12,Inside Out,12
416,male,29,170.47,66.4,yes,CCCC,11,15,2,Jack Sparrow,cutlass,1,0.1,18,Monsters University,9
417,male,27,162.35,61.6,yes,CCCC,10,25,4,Jack Sparrow,cutlass,0,0.07,19,Finding Nemo,10
418,other,28,169.84,76.2,yes,CCCC,12,22,0,Anicetus,cutlass,1,0.07,12,Inside Out,15
419,male,18,172.78,70.3,yes,CCCC,9,0,2,Anicetus,cutlass,0,0.49,21,Toy Story 3,12
420,female,35,170.7,68.8,yes,JSSFP,4,10,2,Edward Low,cutlass,1,1.09,0,Toy Story 2,8
421,female,26,171.92,68.6,yes,CCCC,15,3,3,Anicetus,cutlass,0,0.47,1,"Monsters, Inc.",11
422,female,29,181.25,78.3,yes,CCCC,7,4,4,Edward Low,cutlass,1,1.4,1,WALL-E,10
423,female,31,144.93,45.6,yes,CCCC,12,60,9,Blackbeard,cutlass,1,0.72,1,A Bug's Life,9
424,female,30,161.54,61.3,yes,JSSFP,15,7,4,Lewis Scot,cutlass,0,0.7,1,Finding Nemo,11
425,male,38,183.5,88.3,yes,JSSFP,14,40,1,Anicetus,cutlass,1,0.14,18,Inside Out,9
426,male,23,171.57,78.7,yes,CCCC,11,3,2,Jack Sparrow,cutlass,0,0.22,22,Finding Nemo,16
427,female,33,172.98,65.9,yes,JSSFP,7,5,3,Edward Low,cutlass,0,1.06,0,Finding Nemo,12
428,female,23,171.88,73.7,yes,CCCC,11,18,2,Blackbeard,cutlass,1,0.59,0,Inside Out,9
429,male,20,195.08,88.9,no,CCCC,4,28,0,Jack Sparrow,banana,1,5.23,8,Inside Out,12
430,male,26,201.31,98.6,yes,CCCC,4,7,1,Jack Sparrow,cutlass,1,0.9,14,WALL-E,9
431,male,28,172.49,74.5,yes,CCCC,7,23,1,Jack Sparrow,banana,0,2.2,20,Toy Story,4
432,female,27,160.81,64,yes,CCCC,9,25,2,Blackbeard,cutlass,1,0.13,0,Inside Out,12
433,male,35,196.28,90.2,yes,JSSFP,5,12,0,Jack Sparrow,cutlass,1,0.09,15,Inside Out,14
434,male,37,180.6,71.6,yes,JSSFP,12,10,1,Jack Sparrow,cutlass,1,0.95,12,Monsters University,11
435,female,22,148.75,57,yes,CCCC,10,9,4,Jack Sparrow,cutlass,1,0.9,1,Inside Out,12
436,female,33,143.67,56.1,no,JSSFP,4,37,8,Hook,banana,1,3.07,0,Inside Out,15
437,female,29,168.49,72.2,yes,CCCC,13,32,1,Edward Low,cutlass,1,1.1,1,Inside Out,6
438,male,27,183.14,81.5,yes,CCCC,8,4,2,Jack Sparrow,cutlass,1,0.79,23,Inside Out,15
439,male,20,177.32,75.7,yes,CCCC,11,10,1,Jack Sparrow,cutlass,1,0.6,27,Inside Out,11
440,male,32,168.98,70.3,yes,JSSFP,17,9,3,Blackbeard,banana,0,1.55,33,Up,9
441,female,22,155.48,64.5,yes,CCCC,14,12,0,Blackbeard,cutlass,1,1.04,1,Inside Out,11
442,male,25,170.64,68.8,yes,CCCC,7,6,8,Jack Sparrow,cutlass,1,0.28,18,Cars,4
443,male,34,169.52,73,yes,JSSFP,8,26,3,Jack Sparrow,cutlass,1,0.36,19,Inside Out,15
444,male,16,188.67,81.2,yes,CCCC,8,2,2,Jack Sparrow,cutlass,1,0.1,13,Inside Out,7
445,female,29,167.91,70.4,yes,CCCC,9,2,13,Blackbeard,cutlass,1,0.05,0,WALL-E,12
446,male,29,180.37,76.6,no,CCCC,4,4,1,Jack Sparrow,sabre,1,3.8,20,"Monsters, Inc.",10
447,female,29,169.93,71.3,no,JSSFP,7,36,3,Blackbeard,sabre,0,7.45,0,Finding Nemo,11
448,male,15,172.66,66.7,yes,CCCC,6,5,2,Jack Sparrow,sabre,1,7.64,16,Inside Out,12
449,male,39,158.44,63.4,no,JSSFP,9,3,1,Anicetus,scimitar,1,23.52,20,"Monsters, Inc.",11
450,other,17,167.02,62.1,no,CCCC,2,16,1,Blackbeard,sabre,1,0.93,4,Inside Out,12
451,male,23,176.02,70.9,yes,CCCC,8,9,0,Jack Sparrow,cutlass,1,1.09,25,Up,6
452,female,32,168.64,59.2,yes,JSSFP,7,12,5,Blackbeard,cutlass,0,0.1,1,Monsters University,13
453,female,25,170.81,71.7,yes,CCCC,6,2,1,Hook,scimitar,0,2.91,0,Monsters University,11
454,female,34,153.23,44.4,yes,JSSFP,8,16,6,Blackbeard,cutlass,1,1.59,0,Toy Story 3,11
455,male,31,173.92,67.5,yes,JSSFP,9,33,8,Jack Sparrow,cutlass,1,1.28,19,The Incredibles,13
456,male,36,165.9,67.6,yes,JSSFP,9,5,1,Jack Sparrow,cutlass,1,0.18,24,Monsters University,16
457,male,24,169.44,75.7,yes,CCCC,6,13,4,Jack Sparrow,cutlass,1,0.64,23,WALL-E,13
458,female,16,157.06,52.8,yes,CCCC,10,27,2,Hook,cutlass,1,1.09,2,Inside Out,10
459,male,23,180.96,76.6,yes,CCCC,10,13,1,Jack Sparrow,cutlass,1,0.18,24,Inside Out,11
460,female,31,185.91,83.6,yes,CCCC,9,3,3,Hook,cutlass,0,0.65,0,Finding Nemo,15
461,female,30,160.33,54.5,yes,CCCC,13,147,3,Jack Sparrow,cutlass,1,0.05,0,"Monsters, Inc.",3
462,female,25,155.25,61.1,yes,CCCC,4,19,3,Edward Low,cutlass,1,1.21,0,Inside Out,10
463,male,24,173.7,76,yes,CCCC,12,53,1,Jack Sparrow,cutlass,1,0.74,20,Inside Out,7
464,male,27,183.4,84.2,no,CCCC,3,7,2,Blackbeard,sabre,1,4.56,13,WALL-E,10
465,male,28,158.58,61,yes,CCCC,10,5,1,Jack Sparrow,cutlass,1,0.2,20,Up,19
466,female,32,154.13,55.5,yes,JSSFP,9,34,1,Blackbeard,cutlass,0,0.18,0,Inside Out,8
467,female,26,158.21,47.6,no,CCCC,2,1,1,Anicetus,banana,1,47.06,0,Inside Out,12
468,female,27,149.71,55.2,yes,CCCC,9,5,3,Blackbeard,cutlass,0,1.22,0,Toy Story,9
469,male,25,195.06,94.2,yes,CCCC,9,36,1,Jack Sparrow,cutlass,0,0.57,21,Finding Nemo,10
470,male,23,163.9,65.1,yes,CCCC,15,1,2,Jack Sparrow,cutlass,1,0.16,23,Toy Story 2,8
471,male,26,185.07,79.8,yes,CCCC,8,80,1,Jack Sparrow,cutlass,0,0.17,14,Monsters University,8
472,male,27,172.86,71.2,yes,CCCC,11,8,1,Jack Sparrow,cutlass,0,0.2,19,Finding Nemo,9
473,male,22,178.26,75.5,yes,CCCC,9,35,8,Jack Sparrow,cutlass,0,0.2,18,Finding Nemo,8
474,male,17,199.34,97.6,yes,CCCC,13,67,3,Jack Sparrow,cutlass,1,0.51,28,Monsters University,9
475,male,19,157.38,57,yes,CCCC,9,10,0,Jack Sparrow,cutlass,0,0.01,12,Up,4
476,female,31,182.03,76.6,yes,JSSFP,10,4,1,Jack Sparrow,cutlass,0,0.85,0,Monsters University,14
477,male,24,168.3,75.4,yes,CCCC,9,5,1,Jack Sparrow,cutlass,1,1.6,15,Monsters University,7
478,male,24,175.82,76.7,yes,CCCC,8,12,6,Jack Sparrow,cutlass,0,0,15,Toy Story 2,13
479,female,26,160.75,60.7,yes,CCCC,6,5,1,Jack Sparrow,cutlass,0,0.1,0,Monsters University,11
480,male,19,166.53,62.4,yes,CCCC,12,12,1,Jack Sparrow,cutlass,0,0.49,28,Finding Nemo,8
481,female,27,150.3,51.6,yes,CCCC,10,10,1,Anicetus,sabre,1,0.22,1,Up,9
482,male,19,166.6,65.9,yes,CCCC,10,13,3,Jack Sparrow,cutlass,1,0.44,15,Inside Out,7
483,female,39,166.94,62.2,no,JSSFP,7,19,0,Blackbeard,scimitar,0,7.19,0,Finding Nemo,8
484,male,21,176.31,78.7,yes,CCCC,9,16,2,Jack Sparrow,cutlass,0,0.62,23,"Monsters, Inc.",15
485,male,27,173.5,82.6,yes,CCCC,12,3,0,Jack Sparrow,cutlass,0,0.05,30,Finding Nemo,8
486,male,32,174.57,67.7,yes,JSSFP,7,3,2,Jack Sparrow,cutlass,0,1.86,16,Finding Nemo,12
487,male,30,175.33,75.1,yes,CCCC,15,4,1,Anicetus,cutlass,0,1.09,24,Cars 2,14
488,other,25,174.43,71.9,no,CCCC,4,13,2,Blackbeard,cutlass,1,0.44,13,Inside Out,13
489,female,31,148.32,54,yes,CCCC,12,32,3,Anicetus,cutlass,1,0.27,2,Inside Out,11
490,male,18,184.84,86.3,yes,CCCC,12,5,1,Jack Sparrow,cutlass,1,0.08,22,Up,9
491,male,22,183.11,87.8,yes,CCCC,12,20,2,Jack Sparrow,cutlass,1,0.04,24,Inside Out,15
492,male,24,178.42,75,yes,CCCC,7,14,0,Jack Sparrow,cutlass,0,0.54,14,Finding Nemo,6
493,male,27,159.6,68,yes,CCCC,6,134,6,Blackbeard,cutlass,1,0.76,17,Inside Out,9
494,female,36,174.52,76.6,yes,JSSFP,6,11,1,Lewis Scot,cutlass,1,0.6,1,The Incredibles,4
495,female,21,169.71,64.7,yes,CCCC,14,33,3,Hook,cutlass,1,0.21,0,Inside Out,9
496,male,11,174.26,74.3,yes,CCCC,10,17,0,Jack Sparrow,sabre,0,0.1,31,Finding Nemo,11
497,female,35,173.75,65.9,yes,JSSFP,14,2,0,Anicetus,cutlass,1,0.02,0,Inside Out,9
498,male,15,190.24,84.3,yes,CCCC,8,3,2,Jack Sparrow,cutlass,0,1.26,6,Finding Nemo,12
499,male,20,183.95,72.9,yes,CCCC,7,28,12,Jack Sparrow,cutlass,1,0.27,10,The Incredibles,10
500,female,34,164.41,68.7,yes,JSSFP,10,129,16,Edward Low,cutlass,1,0.44,0,Inside Out,8
501,female,35,168.06,63.8,yes,JSSFP,8,13,1,Lewis Scot,cutlass,1,1.16,0,Inside Out,16
502,male,32,180.97,81.7,yes,JSSFP,8,72,14,Blackbeard,cutlass,1,0.85,19,Up,10
503,male,31,172.55,68.7,yes,JSSFP,11,26,6,Jack Sparrow,cutlass,1,0.09,29,Inside Out,9
504,female,25,158.21,56.8,yes,CCCC,10,11,3,Anicetus,cutlass,1,0.9,0,Toy Story 3,13
505,female,27,156.34,62.6,no,CCCC,6,74,2,Jack Sparrow,banana,1,4.89,0,Monsters University,14
506,male,25,195.36,90.4,yes,CCCC,5,21,3,Jack Sparrow,cutlass,1,0.45,9,Monsters University,13
507,male,25,164.53,61.9,yes,CCCC,10,3,5,Jack Sparrow,cutlass,1,0.51,16,Up,5
508,male,27,182.51,81.1,yes,CCCC,8,39,4,Jack Sparrow,cutlass,0,0.76,22,Up,7
509,female,29,160.18,66.5,yes,JSSFP,7,54,0,Jack Sparrow,cutlass,0,1.72,0,Monsters University,11
510,male,24,171.92,68.5,yes,CCCC,12,53,1,Jack Sparrow,cutlass,0,0.47,25,Finding Nemo,8
511,female,17,156.89,62.9,yes,CCCC,8,8,1,Hook,cutlass,0,0.37,0,Monsters University,12
512,male,29,192.45,84.2,yes,CCCC,7,1,0,Jack Sparrow,cutlass,1,1.6,17,Up,10
513,female,29,138.52,49.3,yes,CCCC,12,51,0,Hook,cutlass,1,1.36,0,The Incredibles,7
514,female,31,176.61,76.2,no,CCCC,7,5,2,Blackbeard,banana,0,21.42,1,Monsters University,11
515,female,26,157.34,57,yes,CCCC,11,29,4,Jack Sparrow,sabre,1,2.55,0,Monsters University,11
516,male,21,199.47,93.4,yes,CCCC,8,14,1,Jack Sparrow,cutlass,1,0.27,21,Monsters University,10
517,female,28,163.13,58.4,yes,CCCC,10,5,1,Anicetus,cutlass,1,0.8,0,"Monsters, Inc.",11
518,female,27,153.52,53.3,yes,CCCC,9,21,3,Blackbeard,sabre,1,5.84,0,Monsters University,18
519,male,30,182.27,77.9,yes,CCCC,11,11,2,Jack Sparrow,cutlass,1,0.48,28,"Monsters, Inc.",8
520,female,35,158.68,62.3,yes,JSSFP,10,38,4,Hook,cutlass,0,1.53,0,Inside Out,7
521,male,28,158.35,53.8,yes,CCCC,5,18,1,Jack Sparrow,cutlass,1,0.58,20,Inside Out,8
522,female,39,166.2,66,yes,JSSFP,11,8,3,Edward Low,scimitar,1,4.55,0,"Monsters, Inc.",14
523,male,23,169.74,67.7,yes,CCCC,15,1,0,Jack Sparrow,cutlass,1,0.39,29,Up,15
524,other,29,163.13,64.3,yes,JSSFP,11,27,1,Blackbeard,cutlass,1,0.59,19,Inside Out,8
525,female,26,169.18,66.4,yes,CCCC,4,18,0,Edward Low,cutlass,1,0.14,0,The Incredibles,5
526,male,14,171.5,71.1,no,CCCC,5,13,3,Jack Sparrow,banana,1,53.22,11,"Monsters, Inc.",9
527,male,20,179.23,84.4,yes,CCCC,9,7,1,Blackbeard,cutlass,1,1.03,23,"Monsters, Inc.",10
528,female,29,150.74,52.5,yes,CCCC,9,10,2,Edward Low,cutlass,1,2.65,0,The Incredibles,5
529,other,26,161.49,63.2,yes,CCCC,9,36,1,Anicetus,cutlass,0,1.07,18,Finding Nemo,12
530,male,29,172.46,66.1,yes,JSSFP,11,46,2,Jack Sparrow,cutlass,0,0.49,27,Up,8
531,female,35,162.47,68.6,yes,JSSFP,11,16,4,Jack Sparrow,cutlass,1,0.97,0,Inside Out,10
532,male,25,184.63,81.2,yes,CCCC,11,52,5,Jack Sparrow,cutlass,1,3.99,20,WALL-E,12
533,male,30,189.22,86.4,yes,JSSFP,8,6,3,Hook,cutlass,1,0.39,20,Monsters University,14
534,female,33,148.47,53,yes,JSSFP,12,39,4,Hook,cutlass,1,1.15,0,Monsters University,10
535,male,29,172.55,77.1,yes,CCCC,14,3,4,Jack Sparrow,cutlass,0,1.63,22,WALL-E,9
536,male,22,191.63,90.1,yes,CCCC,7,16,3,Jack Sparrow,cutlass,0,0.05,20,Finding Nemo,8
537,female,22,171.29,66.7,yes,CCCC,10,17,3,Blackbeard,cutlass,1,0.32,0,Toy Story 3,8
538,male,28,173.52,68.2,yes,CCCC,12,4,0,Jack Sparrow,cutlass,1,0.92,16,Up,14
539,female,31,172.31,69.3,yes,CCCC,9,3,1,Blackbeard,sabre,0,0.46,1,Finding Nemo,9
540,female,36,167.84,76.4,yes,JSSFP,6,21,1,Hook,cutlass,1,0.79,0,Up,17
541,female,30,148.83,52.1,yes,JSSFP,9,19,9,Blackbeard,cutlass,1,0.09,2,"Monsters, Inc.",10
542,male,21,182.62,81.2,yes,CCCC,5,33,2,Jack Sparrow,cutlass,1,0.05,23,Inside Out,7
543,female,26,176.13,71.4,yes,CCCC,9,1,1,Blackbeard,cutlass,1,1.1,1,The Incredibles,4
544,male,20,187.04,87.3,yes,CCCC,11,36,1,Jack Sparrow,cutlass,1,0.08,15,Inside Out,11
545,female,36,167.8,57.1,yes,JSSFP,11,10,0,Jack Sparrow,cutlass,1,0.7,1,Up,4
546,other,24,169.39,69.9,no,CCCC,2,27,8,Jack Sparrow,scimitar,1,19.24,7,The Incredibles,10
547,other,30,169.76,73.9,yes,JSSFP,12,64,2,Edward Low,cutlass,0,1.01,10,Finding Nemo,7
548,female,27,166.94,65.6,yes,CCCC,6,0,2,Hook,scimitar,1,0.56,0,Up,10
549,other,28,171.78,69.8,yes,CCCC,8,33,5,Anicetus,cutlass,1,0.35,18,Cars,11
550,male,20,179.01,80.6,yes,CCCC,8,8,4,Jack Sparrow,cutlass,1,0.37,14,Toy Story 2,2
551,female,27,177,66.1,yes,CCCC,5,6,1,Blackbeard,cutlass,0,1.95,1,WALL-E,8
552,female,24,175.87,78.7,yes,CCCC,10,37,3,Anicetus,cutlass,0,0.75,1,A Bug's Life,11
553,female,24,163.57,67.1,yes,CCCC,9,8,0,Jack Sparrow,cutlass,1,0.14,0,Up,8
554,female,24,167.67,66.1,yes,CCCC,9,17,3,Hook,cutlass,1,0.79,0,WALL-E,14
555,female,26,172.41,71.6,yes,CCCC,7,18,0,Blackbeard,cutlass,0,0.65,0,Up,11
556,male,19,168.05,70.6,yes,CCCC,14,33,5,Jack Sparrow,cutlass,0,0.78,27,Toy Story,12
557,male,26,180.91,72.3,yes,CCCC,11,10,3,Jack Sparrow,cutlass,1,0.42,19,Inside Out,12
558,male,19,164.23,68.2,yes,CCCC,8,1,2,Lewis Scot,cutlass,1,0.17,20,Ratatouille,9
559,female,31,161.02,66.6,yes,JSSFP,13,57,2,Hook,cutlass,1,0.29,0,Inside Out,8
560,female,31,157.67,55.8,yes,CCCC,9,39,6,Edward Low,cutlass,0,0.08,0,Finding Nemo,9
561,male,20,188.89,85.2,no,CCCC,8,14,4,Jack Sparrow,cutlass,1,0.23,28,Inside Out,6
562,male,27,165.95,66.4,yes,CCCC,7,3,10,Blackbeard,cutlass,1,0.72,23,Up,10
563,male,28,193.82,87.2,no,CCCC,0,4,1,Hook,cutlass,1,0.03,0,Monsters University,8
564,male,21,189.81,91.9,yes,CCCC,12,39,0,Jack Sparrow,scimitar,0,3.05,25,WALL-E,10
565,male,26,171.16,74.6,yes,CCCC,10,7,1,Jack Sparrow,sabre,1,6.43,19,Inside Out,7
566,male,25,174.57,75.4,yes,CCCC,11,22,2,Jack Sparrow,cutlass,1,0.25,13,Up,15
567,female,30,178.34,83.1,yes,CCCC,11,14,1,Lewis Scot,cutlass,1,0.31,0,Toy Story 2,4
568,male,24,164.6,68.2,yes,CCCC,12,36,0,Jack Sparrow,cutlass,0,0.5,17,Finding Nemo,7
569,female,28,171.86,70.5,yes,CCCC,14,8,1,Jack Sparrow,cutlass,0,0.69,1,Up,10
570,male,29,177.9,75.4,yes,CCCC,5,12,8,Blackbeard,cutlass,1,1,28,Inside Out,8
571,female,36,159.42,61.2,yes,JSSFP,10,5,3,Blackbeard,cutlass,1,0.03,0,Monsters University,13
572,female,35,153.05,57.3,yes,JSSFP,16,56,3,Blackbeard,scimitar,1,3.35,0,Inside Out,13
573,female,27,177.11,79.2,yes,CCCC,9,3,3,Jack Sparrow,cutlass,0,1.7,1,Finding Nemo,4
574,male,29,168.89,68.2,yes,CCCC,11,77,2,Jack Sparrow,cutlass,0,1.6,22,Finding Nemo,8
575,female,32,156.42,52.3,yes,JSSFP,6,5,1,Lewis Scot,cutlass,1,1.17,1,Toy Story 2,18
576,male,28,192.92,88.1,yes,CCCC,11,30,0,Jack Sparrow,cutlass,1,1.19,27,The Incredibles,8
577,female,25,176.26,79.8,yes,CCCC,8,19,6,Anicetus,cutlass,0,1.89,0,The Incredibles,20
578,male,27,169.74,61.7,yes,CCCC,12,17,14,Anicetus,cutlass,1,0.7,22,Inside Out,14
579,female,25,150.92,58.5,yes,CCCC,14,4,3,Hook,cutlass,1,0.24,0,Inside Out,6
580,female,17,146.93,53.4,yes,CCCC,10,8,1,Lewis Scot,cutlass,1,0.14,1,Inside Out,8
581,male,31,178.12,73,no,JSSFP,3,15,4,Jack Sparrow,scimitar,1,3.7,6,Up,8
582,female,31,177.83,74.9,yes,JSSFP,13,22,2,Jack Sparrow,cutlass,1,0.99,0,Inside Out,9
583,male,22,179.81,83.4,no,CCCC,6,0,1,Jack Sparrow,banana,1,55.13,8,Inside Out,11
584,male,21,167.65,71.8,yes,CCCC,4,28,6,Jack Sparrow,cutlass,1,0.1,6,Inside Out,11
585,other,27,184.81,79.5,yes,CCCC,10,0,4,Anicetus,cutlass,0,0.65,21,Finding Nemo,11
586,male,32,167.82,63.4,yes,JSSFP,11,9,1,Hook,cutlass,0,2.65,18,Up,12
587,male,17,169.67,72,yes,CCCC,9,8,0,Jack Sparrow,cutlass,1,0.5,19,The Incredibles,10
588,male,16,180.6,84.5,yes,CCCC,11,21,2,Jack Sparrow,cutlass,1,0.51,18,Inside Out,12
589,male,22,179.33,79.9,yes,CCCC,13,15,0,Jack Sparrow,cutlass,0,0,26,Finding Nemo,15
590,male,22,163.93,71.3,yes,CCCC,9,19,1,Jack Sparrow,cutlass,1,0.25,20,A Bug's Life,13
591,female,28,156.16,56.1,yes,CCCC,6,27,3,Lewis Scot,cutlass,0,1.39,1,"Monsters, Inc.",7
592,male,25,188.69,95.1,no,CCCC,3,46,0,Edward Low,banana,1,16.32,11,Inside Out,9
593,male,31,169.13,67.4,yes,JSSFP,9,5,0,Jack Sparrow,sabre,1,3.83,22,Inside Out,9
594,female,25,165.39,67.5,yes,CCCC,14,17,0,Jack Sparrow,sabre,1,0.64,0,Inside Out,16
595,female,38,164.45,65.5,no,JSSFP,6,34,4,Blackbeard,scimitar,1,13.68,1,Inside Out,6
596,male,24,169.04,68.5,yes,CCCC,7,13,2,Jack Sparrow,cutlass,0,0.19,13,Finding Nemo,10
597,female,14,162.72,60.9,no,CCCC,4,12,1,Jack Sparrow,scimitar,1,12.78,0,Inside Out,10
598,female,35,159.3,59.6,yes,JSSFP,12,50,0,Hook,cutlass,0,0.11,0,WALL-E,14
599,female,35,149.11,53.6,no,JSSFP,2,28,11,Edward Low,banana,0,3.83,1,WALL-E,11
600,male,27,190.79,89.1,yes,CCCC,11,30,0,Jack Sparrow,cutlass,0,0.01,25,Cars,8
601,female,24,169.73,70.7,yes,CCCC,13,2,1,Lewis Scot,cutlass,1,0.68,0,The Incredibles,10
602,female,28,177.86,76.6,yes,CCCC,4,42,2,Lewis Scot,sabre,0,1.26,0,Finding Nemo,6
603,male,27,177.92,71.4,yes,CCCC,6,1,2,Jack Sparrow,cutlass,0,0.28,15,"Monsters, Inc.",13
604,female,31,166.32,76.9,no,JSSFP,6,1,3,Jack Sparrow,scimitar,1,1.84,0,Inside Out,7
605,male,17,183.73,70.9,yes,CCCC,9,3,1,Anicetus,cutlass,0,0.74,15,Up,5
606,male,28,167.22,68.2,yes,CCCC,9,5,5,Jack Sparrow,cutlass,0,1,17,Finding Nemo,17
607,male,30,160.45,57.2,yes,JSSFP,6,21,2,Lewis Scot,cutlass,1,0.34,15,Inside Out,4
608,male,23,195.42,86,yes,CCCC,10,22,1,Jack Sparrow,cutlass,1,0.53,23,Toy Story 2,13
609,female,33,160.26,68.7,yes,JSSFP,9,45,7,Jack Sparrow,cutlass,1,0.62,0,Inside Out,12
610,male,27,189.77,83.1,yes,CCCC,10,16,0,Jack Sparrow,cutlass,0,0.43,21,Finding Nemo,12
611,female,33,173.01,67.3,yes,JSSFP,4,47,7,Blackbeard,cutlass,1,0.12,1,Up,11
612,male,28,190.74,85.8,yes,CCCC,9,11,0,Jack Sparrow,cutlass,0,0.26,22,Finding Nemo,10
613,male,33,177.04,71.8,yes,JSSFP,8,126,0,Lewis Scot,cutlass,0,1.48,27,Finding Nemo,14
614,female,24,171.15,72,yes,CCCC,6,13,2,Blackbeard,cutlass,1,0.05,0,Brave,12
615,female,27,162.35,63.1,yes,CCCC,12,6,2,Hook,cutlass,1,1.04,0,Monsters University,11
616,female,38,151.56,56.8,yes,JSSFP,10,50,4,Lewis Scot,cutlass,1,0.53,0,Inside Out,11
617,male,29,163.31,62.6,yes,CCCC,6,5,0,Jack Sparrow,cutlass,1,0.03,17,Inside Out,10
618,male,23,166.26,69.7,yes,CCCC,6,3,7,Jack Sparrow,cutlass,0,0.29,13,Finding Nemo,11
619,male,34,184.16,75.9,yes,JSSFP,10,23,1,Jack Sparrow,cutlass,0,0.27,25,Finding Nemo,9
620,male,27,195.19,90.1,yes,CCCC,12,10,8,Jack Sparrow,cutlass,1,0.63,30,Inside Out,12
621,male,31,175.2,72.7,yes,JSSFP,6,23,8,Jack Sparrow,cutlass,0,3.29,19,Finding Nemo,7
622,female,35,170.44,64,yes,JSSFP,11,1,27,Lewis Scot,cutlass,1,0.21,0,WALL-E,9
623,female,19,163.18,65.6,no,CCCC,8,28,0,Hook,sabre,1,0.91,0,Inside Out,13
624,female,32,173.38,66.3,yes,JSSFP,6,35,0,Edward Low,cutlass,1,0.74,0,Monsters University,10
625,female,31,158.96,68.5,yes,JSSFP,4,18,7,Blackbeard,scimitar,1,20.68,0,Inside Out,13
626,male,18,178.09,81.1,yes,CCCC,3,8,1,Jack Sparrow,cutlass,1,0.12,15,Monsters University,7
627,male,23,185.46,79.3,yes,CCCC,8,17,1,Jack Sparrow,sabre,0,0.05,20,Finding Nemo,7
628,female,39,166.38,71.3,yes,JSSFP,6,8,1,Anicetus,cutlass,1,0.06,1,Inside Out,13
629,female,27,172.66,74.2,yes,CCCC,13,11,3,Anicetus,cutlass,0,0.47,0,Up,11
630,male,26,179.01,78,yes,CCCC,13,36,3,Edward Low,cutlass,1,0.11,23,Inside Out,14
631,male,30,188.83,84.8,yes,JSSFP,6,44,1,Jack Sparrow,cutlass,0,0.6,13,Finding Nemo,9
632,male,11,174.6,69.6,yes,CCCC,17,1,1,Jack Sparrow,cutlass,0,1.34,22,The Incredibles,6
633,male,30,163.83,67.5,yes,CCCC,10,4,4,Jack Sparrow,cutlass,0,0.07,23,Up,10
634,male,31,166.96,66.9,yes,JSSFP,13,13,2,Jack Sparrow,cutlass,0,0.4,15,Finding Nemo,14
635,male,13,168.38,62.9,yes,CCCC,15,4,2,Blackbeard,cutlass,1,0.52,28,Toy Story 2,7
636,male,24,184.35,85,yes,CCCC,8,36,1,Jack Sparrow,cutlass,0,0.64,24,Finding Nemo,8
637,other,23,168.94,60.2,yes,CCCC,15,12,4,Jack Sparrow,cutlass,0,0.73,31,Monsters University,14
638,female,27,150.98,56.5,yes,CCCC,3,135,12,Edward Low,cutlass,1,0.05,0,Inside Out,5
639,female,41,165.1,64.5,yes,JSSFP,18,66,0,Jack Sparrow,cutlass,0,0.58,0,Cars 2,9
640,male,34,187.88,81,yes,JSSFP,8,35,11,Blackbeard,cutlass,1,0.95,17,Inside Out,8
641,female,27,181.81,81.8,yes,CCCC,9,17,0,Blackbeard,cutlass,0,0.2,1,WALL-E,12
642,female,31,161.43,54.1,yes,JSSFP,9,1,6,Lewis Scot,cutlass,1,0.38,0,Toy Story 2,9
643,female,34,158.58,57.3,yes,JSSFP,10,1,2,Lewis Scot,cutlass,1,0.7,1,Inside Out,9
644,female,29,155.78,61.7,yes,CCCC,14,19,2,Anicetus,cutlass,1,1.26,0,Up,12
645,male,23,195.55,92.3,yes,CCCC,6,1,2,Anicetus,cutlass,0,0.91,9,Up,14
646,male,30,176.15,73.6,yes,JSSFP,11,5,1,Jack Sparrow,scimitar,1,3.91,20,The Incredibles,8
647,female,30,164.93,57.3,yes,JSSFP,11,22,1,Blackbeard,cutlass,0,0.1,0,Finding Nemo,12
648,female,33,162.86,67.7,yes,JSSFP,12,58,1,Jack Sparrow,cutlass,0,0.1,0,Up,7
649,other,32,160.56,65.1,yes,JSSFP,11,35,2,Hook,cutlass,0,0.95,25,Toy Story 2,11
650,other,33,153.08,50.9,yes,JSSFP,8,17,5,Anicetus,cutlass,0,0.63,17,Finding Nemo,8
651,female,44,159.67,62.7,yes,JSSFP,14,101,9,Lewis Scot,cutlass,1,0.76,0,Up,8
652,male,21,161.27,57.9,yes,CCCC,7,1,3,Blackbeard,cutlass,0,0.11,15,Monsters University,12
653,female,33,173.92,74.3,yes,JSSFP,14,11,2,Jack Sparrow,cutlass,1,1.03,1,"Monsters, Inc.",11
654,female,39,149.17,55.7,yes,JSSFP,8,30,1,Lewis Scot,cutlass,1,0.95,1,Inside Out,15
655,male,24,168.7,71.6,yes,CCCC,9,17,9,Jack Sparrow,cutlass,1,0.45,27,Inside Out,5
656,female,41,172.17,68.8,yes,JSSFP,15,94,9,Lewis Scot,cutlass,1,1.36,0,Inside Out,14
657,female,37,173.09,76.2,yes,JSSFP,8,14,7,Lewis Scot,cutlass,1,0.48,0,Up,12
658,male,23,192.26,94.5,yes,CCCC,9,91,1,Jack Sparrow,cutlass,0,0.88,15,Finding Nemo,8
659,male,26,193.96,91.4,no,CCCC,1,1,4,Jack Sparrow,banana,1,74.19,14,Monsters University,6
660,male,26,169.34,66.8,yes,CCCC,11,18,1,Lewis Scot,cutlass,1,0.03,25,Inside Out,11
661,male,29,176.01,74.3,yes,CCCC,9,6,1,Jack Sparrow,cutlass,0,0.49,15,Finding Nemo,14
662,female,32,169.65,74.4,yes,JSSFP,10,43,2,Edward Low,cutlass,1,1.18,0,Monsters University,10
663,male,15,179.46,77.3,yes,CCCC,12,21,2,Jack Sparrow,cutlass,0,0.38,23,Finding Nemo,14
664,male,18,169.81,71.4,yes,CCCC,5,51,1,Jack Sparrow,cutlass,0,0.76,28,Up,11
665,male,25,169.45,65.4,yes,CCCC,11,2,4,Jack Sparrow,cutlass,1,1.89,16,Up,15
666,female,28,170.65,67.3,no,CCCC,6,3,2,Hook,sabre,1,1.87,0,Monsters University,6
667,male,21,182.91,80.6,yes,CCCC,7,45,1,Jack Sparrow,cutlass,1,1.06,21,Inside Out,6
668,male,15,148.68,49.7,no,CCCC,7,26,0,Jack Sparrow,scimitar,1,0.51,22,Up,11
669,female,28,140.39,44.6,yes,CCCC,13,4,10,Anicetus,cutlass,0,0.1,0,Brave,11
670,male,22,170.11,69.5,no,CCCC,1,6,1,Jack Sparrow,cutlass,1,0.1,12,Inside Out,10
671,male,27,191.95,84.7,yes,CCCC,10,7,3,Hook,cutlass,1,0.26,23,Inside Out,9
672,female,21,162.6,61.5,yes,CCCC,8,1,2,Hook,cutlass,1,0.63,0,A Bug's Life,13
673,female,34,159.83,60.1,yes,JSSFP,9,138,1,Hook,cutlass,1,0.1,0,Toy Story,12
674,female,24,157.72,64.8,no,CCCC,3,101,4,Hook,banana,1,106.74,0,Monsters University,10
675,female,32,159.13,62.8,yes,JSSFP,8,57,3,Anicetus,cutlass,1,0.74,1,Inside Out,16
676,female,25,147.98,54.9,yes,CCCC,11,7,1,Lewis Scot,cutlass,0,0.19,0,The Incredibles,8
677,male,27,160.64,60,yes,CCCC,10,8,1,Edward Low,cutlass,0,4.22,8,Finding Nemo,13
678,male,30,189.52,89,yes,JSSFP,6,6,6,Lewis Scot,cutlass,0,0.07,20,Finding Nemo,11
679,male,24,160.54,57.3,yes,CCCC,10,26,2,Jack Sparrow,cutlass,0,0.79,25,Up,11
680,female,25,166.28,64.7,no,CCCC,5,16,5,Lewis Scot,scimitar,1,3.97,0,Inside Out,14
681,female,25,149.05,54.1,yes,CCCC,12,86,2,Anicetus,cutlass,0,0.27,1,Cars,11
682,female,34,177.88,77.2,yes,JSSFP,12,11,5,Edward Low,cutlass,1,0.03,0,Inside Out,6
683,female,30,163.22,67.8,yes,JSSFP,16,13,2,Jack Sparrow,cutlass,1,0.05,1,Inside Out,7
684,male,19,186.63,85.6,yes,CCCC,7,44,4,Jack Sparrow,cutlass,1,1.1,25,Inside Out,7
685,male,23,165.21,71.2,yes,CCCC,10,16,3,Edward Low,cutlass,1,0.28,17,Toy Story,11
686,male,22,182.73,76.1,no,CCCC,3,3,2,Jack Sparrow,banana,1,169.88,9,Inside Out,4
687,male,24,175.74,70.2,yes,CCCC,14,33,1,Jack Sparrow,cutlass,1,0.33,18,Inside Out,8
688,female,30,164.3,60.6,yes,CCCC,9,37,1,Lewis Scot,cutlass,1,0.65,0,Inside Out,11
689,other,23,178.24,72.4,yes,CCCC,9,9,1,Blackbeard,cutlass,1,2.09,18,Monsters University,11
690,female,32,156.46,53.4,no,JSSFP,11,10,2,Blackbeard,sabre,0,1.51,1,Finding Nemo,5
691,male,27,168.4,65.2,no,CCCC,4,11,11,Jack Sparrow,sabre,1,0.58,14,Cars 2,7
692,female,31,152.9,53.3,yes,JSSFP,10,41,12,Hook,cutlass,1,0.13,1,Cars 2,8
693,female,30,154.28,57.2,yes,CCCC,9,12,0,Anicetus,cutlass,1,0.22,1,Up,8
694,female,28,155.49,53,yes,JSSFP,11,62,3,Blackbeard,sabre,0,8.08,1,Finding Nemo,16
695,female,24,171.87,67.2,yes,CCCC,6,22,1,Edward Low,cutlass,1,0.29,2,Inside Out,13
696,male,28,182.34,78.8,yes,JSSFP,10,37,6,Jack Sparrow,cutlass,1,2.13,23,Inside Out,10
697,female,30,162.41,60.9,yes,CCCC,11,64,1,Hook,scimitar,1,4.46,1,The Incredibles,10
698,female,26,166.38,69.3,yes,CCCC,10,29,17,Jack Sparrow,cutlass,0,0.1,0,Up,8
699,female,24,159.75,61.2,no,CCCC,2,68,0,Hook,banana,0,12.58,1,Up,10
700,male,18,177.63,76.9,yes,CCCC,8,5,1,Jack Sparrow,cutlass,1,0.05,15,WALL-E,13
701,other,25,163.49,57.6,no,CCCC,5,46,3,Lewis Scot,sabre,0,3.74,16,WALL-E,13
702,male,27,181.46,75.9,yes,CCCC,12,20,3,Jack Sparrow,cutlass,1,0.22,24,Inside Out,8
703,other,32,187.61,89.3,yes,JSSFP,12,80,3,Blackbeard,cutlass,1,0.03,21,Brave,10
704,female,34,153.29,56.4,yes,JSSFP,10,23,6,Edward Low,cutlass,1,0.02,0,The Incredibles,11
705,female,46,163.56,60.2,yes,JSSFP,10,14,1,Edward Low,cutlass,0,1.2,0,Monsters University,11
706,female,27,161.69,62.9,yes,CCCC,13,58,0,Anicetus,cutlass,1,3.48,0,Toy Story,11
707,female,33,161.15,64.1,yes,JSSFP,13,0,5,Blackbeard,cutlass,1,0.21,1,WALL-E,16
708,other,29,165.81,68.7,yes,CCCC,8,1,2,Edward Low,cutlass,0,1.11,13,The Incredibles,15
709,female,32,162.11,59.8,yes,JSSFP,13,9,2,Jack Sparrow,cutlass,0,0.4,0,Finding Nemo,13
710,female,28,177.45,74.5,yes,CCCC,15,0,2,Blackbeard,cutlass,1,0.45,2,Up,12
711,male,31,177.72,76.9,yes,JSSFP,9,13,0,Anicetus,cutlass,1,0.13,19,Cars,8
712,female,36,164.93,64.9,yes,JSSFP,16,28,1,Edward Low,cutlass,1,0.47,0,Cars,14
713,male,20,164.98,63.3,no,CCCC,2,26,1,Edward Low,scimitar,0,15.3,13,Brave,11
714,male,23,174.99,76,yes,CCCC,9,3,4,Jack Sparrow,cutlass,1,0.21,23,Inside Out,11
715,male,19,176.9,74.3,yes,CCCC,11,1,0,Jack Sparrow,cutlass,1,0.12,15,Toy Story 3,9
716,other,26,171.33,69.3,yes,CCCC,16,1,1,Blackbeard,cutlass,1,0.94,34,Brave,8
717,female,36,172.95,78.4,no,JSSFP,5,31,0,Lewis Scot,banana,1,2.93,0,Cars 2,12
718,female,32,155.31,61.9,no,JSSFP,5,139,2,Blackbeard,banana,1,60.13,0,Up,9
719,female,23,143.47,49.6,yes,CCCC,8,5,2,Edward Low,cutlass,1,1.89,2,Inside Out,13
720,male,24,170.63,78.7,yes,CCCC,6,19,0,Jack Sparrow,cutlass,0,1.18,15,Cars 2,9
721,male,28,165.89,62,yes,CCCC,8,26,1,Jack Sparrow,cutlass,1,0.41,18,"Monsters, Inc.",11
722,female,26,188.11,80.4,yes,CCCC,10,8,2,Lewis Scot,cutlass,1,0.33,0,Inside Out,7
723,male,24,168.15,74.4,yes,CCCC,13,20,2,Anicetus,cutlass,1,0.92,25,Inside Out,8
724,female,31,161.87,65,yes,JSSFP,10,30,1,Anicetus,cutlass,1,0.36,0,Inside Out,8
725,male,19,184.24,82.4,yes,CCCC,8,2,0,Jack Sparrow,cutlass,1,0.11,10,Inside Out,21
726,male,24,177.35,73.9,yes,CCCC,10,58,2,Jack Sparrow,sabre,1,1.18,8,Inside Out,14
727,male,23,149.67,50.8,yes,CCCC,13,88,2,Jack Sparrow,cutlass,1,0.15,26,Up,9
728,female,22,153.69,51.6,yes,CCCC,11,2,2,Blackbeard,cutlass,1,0.06,0,Inside Out,12
729,other,27,178.26,83.1,yes,CCCC,10,9,0,Hook,cutlass,0,0.31,13,"Monsters, Inc.",10
730,female,24,148.61,54.3,yes,CCCC,13,23,1,Jack Sparrow,cutlass,1,0.78,1,Inside Out,11
731,female,31,153.31,54.4,yes,JSSFP,16,17,3,Blackbeard,cutlass,1,0.05,0,Up,9
732,male,20,169.84,69.9,no,CCCC,3,2,1,Jack Sparrow,banana,1,30.45,11,Inside Out,14
733,male,25,189.06,87.6,yes,CCCC,10,14,1,Jack Sparrow,cutlass,1,0.61,16,The Incredibles,7
734,male,28,185.51,89.2,yes,CCCC,7,19,4,Jack Sparrow,cutlass,1,0.36,21,Toy Story,14
735,female,24,179.7,76.7,yes,CCCC,7,31,2,Blackbeard,cutlass,1,1.02,0,WALL-E,13
736,female,26,161.2,63.3,yes,JSSFP,4,30,3,Hook,cutlass,1,0.15,0,The Incredibles,10
737,female,39,168.21,66,yes,JSSFP,7,12,2,Lewis Scot,cutlass,0,1.4,0,Monsters University,11
738,male,23,153.65,51,yes,CCCC,5,3,4,Jack Sparrow,cutlass,0,0.59,20,Finding Nemo,10
739,male,25,182.71,89.1,yes,CCCC,13,25,2,Jack Sparrow,cutlass,1,1.62,20,Inside Out,17
740,female,28,175.89,72.4,no,CCCC,1,1,2,Edward Low,sabre,0,2.72,0,Finding Nemo,10
741,female,26,172.2,73.6,yes,CCCC,11,7,3,Jack Sparrow,cutlass,1,0.41,1,Inside Out,5
742,male,39,157.72,61.6,yes,JSSFP,8,3,1,Jack Sparrow,scimitar,0,2.46,18,Finding Nemo,16
743,male,34,163.46,59.5,yes,JSSFP,12,41,1,Anicetus,cutlass,1,0.12,18,"Monsters, Inc.",11
744,female,34,166.6,69.3,yes,JSSFP,11,3,2,Anicetus,cutlass,0,0.94,1,Finding Nemo,5
745,female,31,154.81,59,yes,CCCC,14,3,1,Anicetus,cutlass,1,0.33,0,Inside Out,11
746,female,39,192.84,86.3,yes,JSSFP,12,19,1,Edward Low,cutlass,1,0.51,1,Monsters University,8
747,male,23,188.65,87.3,yes,CCCC,8,14,3,Jack Sparrow,cutlass,0,1.83,5,Finding Nemo,12
748,female,26,160.9,61.3,no,CCCC,6,90,5,Blackbeard,cutlass,1,0.42,0,Inside Out,7
749,male,21,180.78,75.4,yes,CCCC,9,4,11,Jack Sparrow,sabre,1,5.64,18,Inside Out,8
750,female,31,155.42,62.2,yes,JSSFP,10,13,11,Jack Sparrow,cutlass,1,1.43,0,Inside Out,7
751,female,29,157.6,59.5,yes,JSSFP,6,11,5,Lewis Scot,cutlass,0,0.82,0,Finding Nemo,9
752,female,28,151.81,54.9,yes,JSSFP,5,59,0,Lewis Scot,cutlass,1,0.24,0,The Incredibles,7
753,other,29,171.45,67.8,yes,CCCC,11,3,1,Edward Low,cutlass,1,0.41,9,Inside Out,11
754,other,22,181.8,82.1,yes,CCCC,9,30,8,Hook,cutlass,0,0.64,9,"Monsters, Inc.",13
755,female,22,154.62,57.3,yes,CCCC,13,42,2,Edward Low,cutlass,0,0.04,0,Up,6
756,female,29,152.83,60.3,yes,JSSFP,13,22,5,Lewis Scot,cutlass,0,0.37,0,Finding Nemo,12
757,male,28,172.5,66,yes,CCCC,5,28,1,Jack Sparrow,cutlass,1,0.34,25,"Monsters, Inc.",14
758,male,26,177.6,78.9,yes,CCCC,11,4,1,Jack Sparrow,cutlass,1,0.07,24,Inside Out,11
759,male,22,171.86,74.3,no,CCCC,4,33,0,Jack Sparrow,banana,1,21.12,11,Inside Out,15
760,male,29,180.31,79,yes,CCCC,17,106,2,Jack Sparrow,cutlass,1,0.07,26,Inside Out,10
761,female,33,146.31,49.4,yes,CCCC,11,5,6,Blackbeard,cutlass,1,0.38,0,Inside Out,13
762,male,30,143.93,47.4,yes,CCCC,11,26,2,Jack Sparrow,cutlass,1,1.58,15,Inside Out,11
763,female,29,177.49,75,yes,JSSFP,10,24,12,Lewis Scot,cutlass,1,0.64,0,A Bug's Life,11
764,male,32,165.65,64.2,yes,CCCC,5,7,3,Jack Sparrow,cutlass,1,1.79,11,Inside Out,6
765,male,32,160.14,61.4,yes,JSSFP,11,5,2,Jack Sparrow,cutlass,1,0.47,18,Cars,9
766,male,30,171.2,63.3,yes,JSSFP,6,47,3,Anicetus,cutlass,1,0.74,15,Monsters University,9
767,male,24,181.82,77.8,yes,CCCC,5,20,2,Jack Sparrow,cutlass,0,0.1,8,Finding Nemo,9
768,male,24,172.04,75.6,yes,CCCC,7,20,0,Jack Sparrow,cutlass,1,0.67,18,Inside Out,4
769,female,25,173.96,71.7,yes,CCCC,10,15,2,Jack Sparrow,cutlass,0,1.09,1,Finding Nemo,15
770,female,30,168.19,61.7,no,JSSFP,5,7,6,Lewis Scot,scimitar,1,7.6,0,Monsters University,5
771,female,29,158.58,51.8,yes,CCCC,9,18,4,Anicetus,cutlass,0,0.57,0,Cars,6
772,female,18,160.93,61.9,yes,CCCC,12,6,1,Edward Low,cutlass,0,0,1,Finding Nemo,15
773,female,27,178.72,69,yes,CCCC,6,14,1,Blackbeard,cutlass,1,0.25,1,Inside Out,14
774,female,43,169.37,62,no,JSSFP,6,20,7,Blackbeard,sabre,1,4.73,0,Up,11
775,male,14,179.04,78.2,yes,CCCC,7,15,1,Jack Sparrow,cutlass,0,0.59,16,Finding Nemo,10
776,male,27,192.28,87.5,yes,CCCC,7,4,0,Jack Sparrow,cutlass,0,0.84,16,Finding Nemo,7
777,male,29,166.85,74.5,yes,CCCC,9,14,1,Blackbeard,cutlass,0,0.46,18,Up,10
778,male,23,171.51,74.2,yes,CCCC,10,118,8,Jack Sparrow,cutlass,1,1.59,31,WALL-E,14
779,male,22,175.19,68.9,yes,CCCC,7,17,2,Edward Low,cutlass,1,1.42,22,Toy Story 2,9
780,female,34,147.01,47.9,yes,JSSFP,5,4,1,Hook,scimitar,1,1.09,0,WALL-E,10
781,female,25,157.17,63.7,no,CCCC,6,2,4,Jack Sparrow,banana,1,37.12,0,Up,16
782,male,18,167.27,62.6,yes,CCCC,8,11,1,Blackbeard,cutlass,1,0.1,17,Up,13
783,other,29,166.24,62.2,no,CCCC,10,5,3,Lewis Scot,banana,0,1.94,17,WALL-E,8
784,male,14,177.11,79.8,yes,CCCC,9,3,0,Jack Sparrow,cutlass,1,0.11,15,Inside Out,13
785,male,20,158.96,58.9,yes,CCCC,13,31,0,Jack Sparrow,cutlass,1,0.45,23,Inside Out,8
786,male,25,190.64,84.5,yes,CCCC,9,1,11,Jack Sparrow,cutlass,1,2.42,9,WALL-E,6
787,female,19,142.24,47.2,yes,CCCC,14,4,4,Edward Low,sabre,1,1.14,1,Inside Out,10
788,male,21,185.86,77.5,no,CCCC,1,9,2,Edward Low,sabre,1,1.16,15,Toy Story 3,13
789,male,27,185.37,85.8,yes,CCCC,6,60,0,Jack Sparrow,cutlass,0,0.01,15,Up,6
790,female,25,147.38,44.7,yes,CCCC,12,52,1,Lewis Scot,cutlass,1,1.23,0,WALL-E,12
791,male,28,189.83,84.1,yes,CCCC,8,23,3,Jack Sparrow,cutlass,1,1.11,23,Up,13
792,female,33,165.06,64.2,yes,JSSFP,9,76,2,Anicetus,cutlass,0,1.24,1,Finding Nemo,11
793,male,25,209.06,103.7,yes,CCCC,8,27,9,Anicetus,cutlass,1,1.11,16,Monsters University,8
794,female,35,143.86,41.3,yes,JSSFP,8,24,1,Edward Low,cutlass,1,0.88,0,Inside Out,7
795,other,27,157.97,56.5,yes,CCCC,8,29,2,Lewis Scot,cutlass,1,0.42,13,Toy Story,12
796,female,30,163.89,64,yes,CCCC,14,41,1,Edward Low,cutlass,1,0.3,0,Inside Out,12
797,female,35,160.42,62.5,no,JSSFP,3,20,2,Blackbeard,scimitar,1,8.43,0,Inside Out,15
798,male,28,178.36,73,yes,CCCC,11,20,2,Lewis Scot,cutlass,1,0.87,22,Monsters University,12
799,female,22,175.28,69.6,yes,CCCC,5,15,0,Anicetus,cutlass,0,0.81,0,Finding Nemo,11
800,female,41,169.78,71.8,yes,JSSFP,15,33,1,Edward Low,cutlass,0,0.83,0,A Bug's Life,14
801,female,33,155.72,61.7,yes,JSSFP,5,115,0,Lewis Scot,cutlass,0,1.25,0,WALL-E,12
802,female,33,159.28,59.2,yes,JSSFP,8,13,3,Anicetus,cutlass,1,1.51,0,Inside Out,10
803,female,31,155.94,62.1,yes,JSSFP,7,51,6,Edward Low,scimitar,1,7.52,0,Inside Out,14
804,male,20,179.35,78.3,yes,CCCC,12,1,1,Jack Sparrow,cutlass,1,0.11,13,Inside Out,8
805,female,26,161.85,59.4,yes,CCCC,17,28,0,Hook,scimitar,1,3.69,1,Cars,9
806,other,24,168.07,71.1,no,CCCC,7,6,0,Blackbeard,cutlass,0,0.07,17,Up,11
807,male,15,187.44,81.9,yes,CCCC,11,6,0,Edward Low,cutlass,1,1.5,20,A Bug's Life,10
808,female,36,170.98,68.5,yes,JSSFP,11,86,3,Edward Low,cutlass,0,0.17,0,WALL-E,14
809,male,25,177.83,73.7,yes,CCCC,-0,60,6,Jack Sparrow,cutlass,1,0.14,7,Inside Out,10
810,female,33,179.04,77.6,yes,JSSFP,13,22,3,Edward Low,cutlass,1,0.16,1,Inside Out,12
811,male,20,187.91,86.7,yes,CCCC,3,20,1,Jack Sparrow,cutlass,1,0.81,10,Monsters University,6
812,male,23,179.41,82.9,yes,CCCC,11,30,5,Blackbeard,cutlass,1,1.66,15,Monsters University,2
813,male,25,181.28,77.3,yes,CCCC,11,30,1,Lewis Scot,cutlass,0,0.81,25,"Monsters, Inc.",9
814,female,27,151.08,52.1,yes,CCCC,4,19,0,Anicetus,sabre,1,0.5,0,The Incredibles,11
815,female,27,167.69,67.7,yes,CCCC,12,50,3,Lewis Scot,cutlass,1,0.24,0,Inside Out,11
816,male,32,176.72,70.7,yes,JSSFP,13,76,3,Jack Sparrow,cutlass,1,0.56,26,The Incredibles,6
817,male,20,169.9,69.7,yes,CCCC,10,5,2,Jack Sparrow,cutlass,1,1.18,28,WALL-E,11
818,female,32,146.13,53.3,yes,JSSFP,9,10,4,Hook,cutlass,1,0.87,1,Brave,10
819,female,27,168.58,64.8,yes,CCCC,6,22,5,Edward Low,cutlass,0,1.26,0,Inside Out,16
820,male,17,186.2,78.8,yes,CCCC,9,11,6,Hook,cutlass,1,0.42,20,Inside Out,7
821,male,23,167.25,62.9,yes,CCCC,10,21,1,Jack Sparrow,cutlass,1,0.26,27,Inside Out,6
822,male,19,182.55,74.3,yes,CCCC,14,6,3,Anicetus,cutlass,0,0.69,27,Finding Nemo,8
823,male,28,178.58,77.8,yes,JSSFP,9,3,5,Jack Sparrow,cutlass,1,0.86,11,Inside Out,8
824,female,30,159.42,63.8,no,CCCC,1,9,2,Blackbeard,scimitar,0,2.88,0,Monsters University,10
825,female,29,152.55,60.6,yes,CCCC,11,35,2,Anicetus,cutlass,1,0.35,0,"Monsters, Inc.",11
826,male,25,183.13,79.2,yes,CCCC,6,42,6,Jack Sparrow,cutlass,1,0.5,21,The Incredibles,12
827,male,35,189.81,91.9,yes,JSSFP,16,8,1,Jack Sparrow,cutlass,1,0.03,21,Up,9
828,female,28,150.14,52.4,yes,CCCC,15,12,1,Anicetus,cutlass,0,0.06,1,Monsters University,8
829,female,25,179.84,68.9,yes,CCCC,9,57,1,Blackbeard,cutlass,1,0.53,1,Monsters University,12
830,male,24,184.65,82.1,yes,CCCC,14,50,3,Jack Sparrow,cutlass,1,1.5,19,Inside Out,20
831,female,35,167.51,72.1,yes,JSSFP,9,1,3,Lewis Scot,cutlass,0,0.71,0,Up,12
832,male,12,177.71,70.2,yes,CCCC,11,7,2,Jack Sparrow,cutlass,1,0.62,21,Up,10
833,other,40,173.03,67.1,no,JSSFP,8,2,0,Hook,sabre,1,2.24,7,Inside Out,9
834,female,34,155.93,57.8,yes,JSSFP,11,8,3,Hook,cutlass,0,0.49,2,Up,10
835,female,38,175.99,75.7,yes,JSSFP,11,28,0,Edward Low,cutlass,1,1.08,0,Inside Out,9
836,male,32,170.21,66.9,yes,JSSFP,11,40,3,Jack Sparrow,cutlass,1,1.52,16,Inside Out,8
837,male,24,188,89.8,yes,CCCC,11,13,1,Jack Sparrow,cutlass,1,0.41,17,"Monsters, Inc.",8
838,female,27,148.49,52.8,yes,CCCC,15,13,0,Blackbeard,cutlass,0,1.36,0,Finding Nemo,12
839,female,32,168.1,71.1,yes,JSSFP,11,35,4,Lewis Scot,cutlass,1,0.29,0,Inside Out,11
840,male,30,180.14,78.8,yes,CCCC,14,26,2,Jack Sparrow,cutlass,1,1.61,25,WALL-E,13
841,male,24,184.44,80.7,yes,CCCC,7,5,6,Jack Sparrow,cutlass,1,0.59,16,Up,7
842,female,33,163.2,56.6,yes,JSSFP,9,8,0,Anicetus,cutlass,0,0.78,0,Monsters University,10
843,male,26,175.82,77.3,no,CCCC,3,3,1,Jack Sparrow,sabre,1,10.4,16,WALL-E,11
844,female,33,164.46,61.5,yes,JSSFP,11,51,6,Jack Sparrow,cutlass,1,0.39,0,Inside Out,11
845,other,21,159.73,68.7,no,CCCC,2,12,0,Edward Low,banana,1,6.12,3,Monsters University,10
846,male,25,177.18,73.7,no,CCCC,-0,5,1,Jack Sparrow,sabre,0,0.76,8,Monsters University,8
847,female,39,159.51,52.5,no,JSSFP,2,3,1,Lewis Scot,banana,0,30.11,0,Brave,9
848,female,43,156.35,55.5,yes,JSSFP,9,48,1,Blackbeard,cutlass,0,0.34,0,Finding Nemo,9
849,male,28,196.88,98.5,no,CCCC,1,5,5,Jack Sparrow,sabre,1,6.29,12,Inside Out,12
850,female,36,172.51,69.7,yes,JSSFP,6,19,6,Hook,cutlass,1,1.2,0,A Bug's Life,7
851,female,27,164.02,66.1,yes,CCCC,10,6,2,Jack Sparrow,cutlass,0,0.04,1,Finding Nemo,16
852,male,24,181.4,76.6,yes,CCCC,13,2,0,Lewis Scot,cutlass,1,0.8,14,Inside Out,11
853,female,26,165.18,71.8,yes,CCCC,13,15,1,Edward Low,cutlass,1,0.1,0,Up,10
854,female,25,130.41,37.7,yes,CCCC,14,6,2,Lewis Scot,cutlass,1,0.96,2,Monsters University,14
855,male,22,169.17,64.1,no,CCCC,5,4,1,Jack Sparrow,banana,1,27.32,6,Inside Out,9
856,female,35,160.58,57.6,yes,JSSFP,6,6,1,Blackbeard,cutlass,1,0.44,0,Brave,12
857,other,26,166.99,61,yes,CCCC,14,15,0,Hook,cutlass,0,0.52,17,Cars,12
858,male,15,191.37,84.1,yes,CCCC,14,16,0,Jack Sparrow,cutlass,1,0.36,26,Inside Out,11
859,female,34,152.17,53.2,yes,JSSFP,13,80,7,Hook,cutlass,1,1.23,0,Up,3
860,male,29,182.23,69,yes,JSSFP,8,4,3,Jack Sparrow,cutlass,0,0.23,21,Finding Nemo,7
861,female,30,163.92,62.1,no,JSSFP,1,65,6,Hook,sabre,1,8.93,0,Inside Out,8
862,male,30,174.42,68.1,yes,CCCC,8,14,1,Jack Sparrow,cutlass,0,0.42,13,Monsters University,7
863,female,30,166.17,66,yes,JSSFP,10,50,2,Edward Low,cutlass,1,0.81,0,Up,12
864,male,20,177.65,77.7,yes,CCCC,12,2,0,Jack Sparrow,cutlass,1,1.86,19,Inside Out,6
865,male,22,183.98,75,yes,CCCC,9,26,4,Jack Sparrow,cutlass,1,0.59,22,Inside Out,-0
866,male,23,172.6,70.2,yes,CCCC,15,82,1,Jack Sparrow,cutlass,1,0.38,22,WALL-E,3
867,female,22,149.67,47.4,yes,CCCC,10,44,0,Jack Sparrow,cutlass,0,1.31,2,Up,12
868,male,26,185.37,87.2,yes,CCCC,10,4,4,Hook,cutlass,1,1.81,22,Inside Out,12
869,female,31,168.02,69.7,yes,JSSFP,9,10,6,Hook,cutlass,1,1.4,0,The Incredibles,7
870,male,35,174.08,79.7,yes,JSSFP,10,19,2,Hook,cutlass,0,0.21,14,Up,9
871,male,27,168.93,73.2,yes,CCCC,10,6,1,Jack Sparrow,cutlass,1,0.27,22,Inside Out,8
872,male,24,168.9,68.9,yes,CCCC,15,3,2,Lewis Scot,cutlass,0,1.31,32,"Monsters, Inc.",10
873,female,28,177.21,74.3,yes,CCCC,11,71,1,Anicetus,cutlass,1,0.45,0,Up,5
874,male,22,191.08,88.2,yes,CCCC,14,6,1,Jack Sparrow,cutlass,1,1.05,22,Inside Out,13
875,male,27,180.87,82.5,yes,CCCC,12,23,4,Anicetus,cutlass,0,0.04,14,Inside Out,11
876,male,27,189.03,89.9,yes,CCCC,8,11,5,Jack Sparrow,cutlass,0,0.06,23,Monsters University,12
877,male,26,168.35,60.1,yes,CCCC,8,22,0,Jack Sparrow,cutlass,1,0.08,18,Monsters University,10
878,female,34,162.37,55.4,yes,JSSFP,8,0,1,Jack Sparrow,cutlass,1,0.12,0,Up,12
879,male,32,177.98,70.6,yes,CCCC,9,16,6,Jack Sparrow,cutlass,1,0.17,19,WALL-E,17
880,female,36,168.91,66.1,yes,JSSFP,9,6,4,Jack Sparrow,cutlass,0,1.48,1,Finding Nemo,13
881,male,13,182.28,85.5,no,CCCC,5,19,3,Jack Sparrow,sabre,0,3.32,6,Finding Nemo,14
882,female,28,176.07,71.4,yes,CCCC,13,34,2,Anicetus,cutlass,1,0.63,0,Inside Out,8
883,female,37,156,55.7,yes,JSSFP,9,10,5,Hook,cutlass,1,0.11,1,"Monsters, Inc.",13
884,female,30,158.57,58.4,yes,CCCC,11,3,0,Lewis Scot,sabre,1,3.27,0,Up,4
885,male,25,178.38,70.2,yes,CCCC,12,37,1,Jack Sparrow,cutlass,0,0.99,23,Finding Nemo,8
886,female,27,168.83,71.4,yes,CCCC,8,33,1,Edward Low,cutlass,1,0.14,1,Finding Nemo,5
887,male,26,168.8,70.6,yes,CCCC,17,21,2,Jack Sparrow,cutlass,0,0.22,30,Finding Nemo,15
888,female,30,156.03,61.9,yes,JSSFP,9,39,1,Anicetus,cutlass,0,0.01,0,A Bug's Life,13
889,male,28,171.67,68,yes,CCCC,12,5,1,Jack Sparrow,scimitar,0,3.03,21,Finding Nemo,17
890,male,31,168.52,66.7,yes,JSSFP,12,102,3,Jack Sparrow,cutlass,0,1.01,17,Finding Nemo,8
891,female,37,177.33,79.2,yes,JSSFP,8,11,3,Blackbeard,cutlass,1,0.2,0,WALL-E,9
892,female,29,162.57,66.5,yes,JSSFP,8,21,4,Hook,cutlass,1,0.26,0,Up,10
893,other,22,164.51,59.9,yes,CCCC,7,7,1,Anicetus,cutlass,1,0.35,13,Up,15
894,other,32,164.08,70.8,yes,CCCC,10,83,9,Hook,cutlass,1,0.67,20,Inside Out,9
895,male,27,200.59,102.6,yes,CCCC,12,1,1,Hook,cutlass,1,2.29,25,Brave,14
896,male,29,181.02,77.9,yes,CCCC,11,2,2,Jack Sparrow,cutlass,1,0.09,22,Monsters University,11
897,male,27,187.79,84.1,yes,CCCC,12,26,2,Jack Sparrow,cutlass,0,2.03,22,The Incredibles,11
898,female,32,166.83,64.2,yes,JSSFP,8,21,1,Jack Sparrow,cutlass,0,0.25,0,WALL-E,9
899,female,28,150.52,46.9,yes,CCCC,13,4,4,Hook,cutlass,1,0.18,0,Inside Out,15
900,male,27,167.9,67.9,yes,CCCC,6,4,3,Jack Sparrow,cutlass,0,0.97,7,WALL-E,9
901,male,25,183.46,82.8,yes,CCCC,6,3,1,Jack Sparrow,cutlass,1,0,28,Up,9
902,female,39,150.61,48.9,yes,JSSFP,10,74,2,Lewis Scot,cutlass,1,1.12,0,Inside Out,12
903,male,29,171.68,66.4,no,CCCC,2,3,2,Jack Sparrow,scimitar,0,1.11,13,The Incredibles,10
904,female,34,145.48,57.6,yes,JSSFP,13,2,0,Jack Sparrow,cutlass,1,0.98,1,The Incredibles,10
905,male,22,178.36,73.3,yes,CCCC,14,19,8,Edward Low,cutlass,0,0.12,29,Finding Nemo,5
906,other,23,168.23,73.2,yes,CCCC,10,18,4,Edward Low,cutlass,1,0.26,15,Inside Out,5
907,female,31,185.29,78.6,yes,JSSFP,12,14,2,Edward Low,cutlass,0,0.1,1,Finding Nemo,13
908,male,34,172.69,73.4,yes,JSSFP,9,10,5,Jack Sparrow,cutlass,0,1.87,22,Toy Story 2,12
909,female,25,171.83,77.5,no,CCCC,5,41,3,Blackbeard,scimitar,1,0.31,0,"Monsters, Inc.",9
910,male,19,187.63,82.7,yes,CCCC,11,8,9,Jack Sparrow,cutlass,1,0.24,17,Monsters University,7
911,female,40,170.56,72.1,no,JSSFP,9,5,1,Hook,banana,1,56.95,1,Up,13
912,female,33,148.03,53.7,yes,JSSFP,12,29,3,Edward Low,cutlass,1,0.3,1,Inside Out,16
913,male,22,184.21,85.1,yes,CCCC,9,5,1,Jack Sparrow,cutlass,1,0.43,18,Monsters University,5
914,female,28,172.55,68.9,yes,CCCC,7,8,0,Lewis Scot,cutlass,1,0.25,0,"Monsters, Inc.",13
915,female,27,162.49,60.4,yes,CCCC,9,24,1,Lewis Scot,cutlass,1,0.79,0,Toy Story 2,9
916,female,23,166.75,62.2,yes,CCCC,8,7,1,Jack Sparrow,cutlass,1,1.31,0,Inside Out,10
917,female,29,155.76,56.1,yes,CCCC,16,15,1,Jack Sparrow,cutlass,1,0.34,0,The Incredibles,13
918,male,30,184.57,74,yes,CCCC,9,29,8,Anicetus,cutlass,0,1.23,20,WALL-E,11
919,male,19,177.11,77.3,yes,CCCC,10,41,4,Jack Sparrow,cutlass,0,1.1,22,Finding Nemo,13
920,female,30,173.19,68.3,yes,CCCC,6,31,0,Lewis Scot,cutlass,1,0.03,0,A Bug's Life,7
921,female,27,172.45,73.1,yes,CCCC,8,20,1,Lewis Scot,cutlass,1,0.1,1,Up,8
922,male,25,181.83,72.5,yes,CCCC,11,8,0,Jack Sparrow,sabre,0,1.6,16,Monsters University,9
923,male,27,183.6,83.6,yes,CCCC,5,11,6,Jack Sparrow,sabre,1,9.76,22,Inside Out,8
924,female,27,170.04,70.9,yes,CCCC,7,30,1,Hook,cutlass,0,0.08,1,Cars,8
925,male,22,186,83.1,yes,CCCC,10,21,6,Jack Sparrow,cutlass,0,0.49,18,Up,6
926,female,35,174.94,78.5,yes,JSSFP,16,18,3,Blackbeard,cutlass,1,1.95,0,Up,10
927,male,35,181.24,73.8,yes,JSSFP,12,2,8,Jack Sparrow,cutlass,1,0.05,12,Up,12
928,female,23,148.59,46.3,yes,CCCC,10,12,2,Edward Low,cutlass,1,1.22,0,Up,14
929,male,23,182.25,84.9,yes,CCCC,9,18,2,Jack Sparrow,cutlass,1,1.01,26,Inside Out,9
930,male,19,174.29,71.9,yes,CCCC,15,8,1,Jack Sparrow,scimitar,1,3.65,22,Cars,11
931,male,17,148.35,54,no,CCCC,0,1,3,Edward Low,sabre,0,5.8,21,Finding Nemo,16
932,female,28,171.6,70.7,no,JSSFP,8,5,1,Anicetus,banana,0,2.73,0,Finding Nemo,12
933,male,22,177.07,72.8,yes,CCCC,8,13,7,Jack Sparrow,cutlass,1,0.56,24,Inside Out,12
934,female,29,175.45,81.6,yes,JSSFP,12,10,2,Anicetus,cutlass,1,0.3,1,Monsters University,7
935,female,26,168.68,68.3,yes,CCCC,7,4,5,Lewis Scot,cutlass,0,0.82,0,Toy Story 2,14
936,male,34,189.43,80.9,no,JSSFP,2,52,8,Hook,sabre,1,22.92,21,Toy Story,13
937,male,22,186.93,84.7,yes,CCCC,14,14,0,Jack Sparrow,cutlass,1,0.11,24,Inside Out,12
938,male,28,176.22,69.9,yes,CCCC,5,7,6,Lewis Scot,cutlass,1,0.5,8,Inside Out,14
939,male,26,161.43,67.5,yes,CCCC,12,22,13,Jack Sparrow,cutlass,1,0.07,16,Inside Out,13
940,male,27,185.14,83.1,yes,CCCC,9,24,7,Jack Sparrow,cutlass,1,0.46,24,Brave,12
941,male,30,173.76,75.9,yes,CCCC,11,38,0,Jack Sparrow,cutlass,1,0.56,24,Monsters University,2
942,female,38,160.88,58.6,yes,JSSFP,8,7,1,Hook,cutlass,1,0.19,0,Inside Out,10
943,male,30,168.94,63.2,yes,JSSFP,16,84,1,Jack Sparrow,cutlass,1,1.02,26,Inside Out,6
944,male,21,173.96,74.4,yes,CCCC,11,14,0,Anicetus,cutlass,1,0.21,13,Brave,14
945,male,28,185.99,85.7,yes,JSSFP,11,15,3,Edward Low,cutlass,0,0.57,17,Finding Nemo,9
946,male,24,156.8,52.7,yes,CCCC,11,28,1,Jack Sparrow,cutlass,0,0.61,18,Toy Story 2,9
947,male,21,164.54,66.4,yes,CCCC,2,21,1,Jack Sparrow,cutlass,0,1.55,9,Toy Story 2,7
948,female,25,159.39,67.9,yes,CCCC,11,14,2,Blackbeard,cutlass,0,0.62,0,A Bug's Life,10
949,female,33,158.37,55.9,yes,JSSFP,10,8,5,Lewis Scot,cutlass,0,0.27,0,Up,6
950,female,33,153.77,54.8,yes,JSSFP,11,61,1,Hook,cutlass,0,0.26,0,The Incredibles,7
951,male,24,174.31,73.5,yes,CCCC,9,23,0,Jack Sparrow,cutlass,1,1.44,16,Inside Out,9
952,male,23,183.57,74.7,yes,CCCC,12,27,2,Jack Sparrow,cutlass,1,0.19,24,The Incredibles,9
953,female,25,161.37,61.6,yes,CCCC,11,14,3,Edward Low,cutlass,1,0.08,0,"Monsters, Inc.",8
954,male,32,190.91,85.4,yes,JSSFP,14,49,5,Edward Low,cutlass,0,0.3,24,Finding Nemo,9
955,male,25,190.45,89.2,yes,CCCC,13,6,0,Edward Low,cutlass,1,0.1,33,Inside Out,8
956,female,28,159.25,65.2,yes,CCCC,9,4,4,Jack Sparrow,cutlass,1,2.25,0,"Monsters, Inc.",15
957,male,29,184.08,78.4,yes,JSSFP,13,3,1,Jack Sparrow,cutlass,1,1.39,22,"Monsters, Inc.",7
958,female,26,177.58,82.4,yes,CCCC,9,26,3,Lewis Scot,cutlass,0,0.71,0,Finding Nemo,5
959,female,33,155.14,59,yes,JSSFP,8,1,10,Lewis Scot,cutlass,1,0.68,0,Inside Out,13
960,male,16,170.67,76.3,yes,CCCC,8,14,1,Jack Sparrow,sabre,0,3.3,16,The Incredibles,12
961,female,29,181.33,71.2,yes,CCCC,13,10,2,Lewis Scot,cutlass,1,0.21,0,Inside Out,15
962,female,30,151.54,56.5,yes,JSSFP,9,12,3,Lewis Scot,cutlass,0,0.18,1,WALL-E,7
963,male,19,147.74,59.9,yes,CCCC,11,7,3,Jack Sparrow,cutlass,1,0.02,16,Brave,6
964,male,30,172.6,69.2,yes,CCCC,12,23,0,Jack Sparrow,cutlass,1,2.18,30,A Bug's Life,10
965,male,24,180.18,76.1,no,CCCC,8,21,0,Jack Sparrow,sabre,0,3.27,21,Finding Nemo,10
966,male,26,177.81,74.9,yes,CCCC,11,9,5,Jack Sparrow,cutlass,0,0.52,27,The Incredibles,11
967,female,27,162.06,54.9,yes,CCCC,6,3,0,Edward Low,cutlass,1,0.55,0,Cars 2,12
968,male,26,176.28,73.6,no,CCCC,6,6,2,Jack Sparrow,banana,0,9.48,26,Finding Nemo,9
969,male,23,169.69,67.2,yes,CCCC,11,1,0,Lewis Scot,cutlass,1,0.44,16,Toy Story,14
970,male,17,186.2,83.8,yes,CCCC,12,17,3,Jack Sparrow,cutlass,0,0.92,25,Finding Nemo,12
971,male,27,179,68.6,yes,CCCC,7,3,12,Jack Sparrow,cutlass,0,0.78,17,Finding Nemo,12
972,male,31,177.47,75.5,yes,JSSFP,9,7,0,Jack Sparrow,cutlass,1,0.05,27,Up,8
973,male,28,183.56,82.5,yes,CCCC,10,4,1,Blackbeard,cutlass,1,2.72,19,Inside Out,10
974,male,31,188.38,82.8,yes,CCCC,14,65,7,Lewis Scot,cutlass,1,0.18,21,The Incredibles,10
975,female,35,152.16,58.7,yes,JSSFP,8,4,16,Blackbeard,cutlass,1,0.7,1,WALL-E,9
976,male,21,176.95,70.9,yes,CCCC,7,26,1,Hook,cutlass,1,0.01,20,Inside Out,11
977,female,29,160.87,65.1,yes,CCCC,14,11,0,Lewis Scot,cutlass,1,0.4,1,Monsters University,12
978,male,15,176.33,70.2,yes,CCCC,12,1,3,Jack Sparrow,cutlass,0,1.22,24,The Incredibles,13
979,female,19,152.44,54.7,yes,CCCC,11,41,0,Anicetus,cutlass,0,1.49,0,Finding Nemo,13
980,female,33,161.61,70.4,yes,JSSFP,12,20,4,Hook,cutlass,1,1.3,2,Toy Story 2,9
981,female,32,161.1,56.8,yes,JSSFP,11,64,1,Lewis Scot,cutlass,1,0.5,1,Inside Out,10
982,female,30,170.72,67.7,yes,JSSFP,9,51,6,Blackbeard,cutlass,1,0.11,1,Inside Out,14
983,male,19,165.42,67.4,yes,CCCC,10,24,3,Jack Sparrow,scimitar,1,4.05,10,Inside Out,5
984,female,30,186.3,78.3,yes,CCCC,12,26,5,Blackbeard,cutlass,1,0.14,0,Up,15
985,female,27,149.63,48.7,yes,CCCC,11,0,0,Anicetus,cutlass,1,0.05,2,WALL-E,6
986,male,27,179.29,79.6,yes,CCCC,13,24,6,Jack Sparrow,cutlass,0,0.17,30,Finding Nemo,9
987,female,31,161.65,62.1,yes,JSSFP,15,30,1,Jack Sparrow,cutlass,0,0.36,0,WALL-E,14
988,female,32,160.55,64.5,yes,JSSFP,9,19,2,Jack Sparrow,cutlass,0,1.54,0,Finding Nemo,7
989,male,23,175.95,81.6,yes,CCCC,17,26,1,Jack Sparrow,cutlass,1,0.63,25,Inside Out,10
990,male,29,164.79,63.7,yes,CCCC,10,37,10,Blackbeard,cutlass,1,0.37,23,Inside Out,7
991,male,24,186.27,86.9,yes,CCCC,13,6,3,Jack Sparrow,cutlass,0,0.34,17,Finding Nemo,14
992,male,26,173.1,73.7,yes,CCCC,13,6,0,Jack Sparrow,cutlass,0,0.02,23,Finding Nemo,14
993,female,31,161.17,61.4,no,JSSFP,7,15,2,Blackbeard,scimitar,1,5.45,1,Up,9
994,female,37,153.95,65.2,yes,JSSFP,11,12,2,Jack Sparrow,cutlass,1,1.94,0,Inside Out,12
995,male,34,172.45,75,yes,JSSFP,9,18,16,Jack Sparrow,cutlass,1,0.16,18,Toy Story 3,10
996,male,26,178.83,70.8,yes,CCCC,14,11,2,Jack Sparrow,cutlass,0,0.46,20,Up,13
997,female,34,157.2,53.6,yes,JSSFP,13,48,2,Hook,cutlass,0,0.15,0,Finding Nemo,8
998,male,36,175.74,72.4,yes,JSSFP,9,95,14,Jack Sparrow,cutlass,1,1.28,18,The Incredibles,11
999,male,30,175.24,70.2,yes,JSSFP,9,6,0,Lewis Scot,cutlass,1,0.21,24,Inside Out,10
1000,male,30,189.45,84,yes,JSSFP,10,36,1,Jack Sparrow,cutlass,0,0.95,19,Up,14
